title,price,rating
Acer Extensa 15 Lightweight Laptop Intel Core i5 11th Gen Processor - (8 GB/ 512 GB SSD/ Windows 11 Home/ 1.7kg/ Black/ Elevated Hinge Design) EX215-54 with 39.6 cm (15.6 inches) FHD Display  ,"42,990",
"Acer Aspire Vero AV15-51-5155 Green Laptop | 15.6"" FHD IPS Display | 11th Gen Intel Core i5-1155G7 | 16GB DDR4 | 512GB SSD | Wi-Fi 6 | PCR Materials | Windows 11 Home | Fingerprint Reader | MS Office  ","54,990",
"HP 255 G8 Laptop with AMD Athlon Silver 3050U APU/ 8GB Ram/ 256GB SSD/DOS/AMD Radeon Vega 8 Mobile Graphics/39.6 cm HD (1366 x 768), SVA, Anti-Glare WLED/Black/1 Year Onsite Warranty  ","25,999",
"Honor MagicBook 14, AMD Ryzen 5 5500U 14-inch (35.56 cm) FHD IPS Anti-Glare Thin and Light Laptop (16GB/512GB PCIe SSD/Windows 11/Fingerprint Login/Metal Body/Backlit KB/1.38Kg), Gray, NobelM-WFQ9AHNE  ","44,990",4.4 out of 5 stars
"Lenovo IdeaPad Slim 3 Intel Core i3-1115G4 11th Gen 15.6"" (39.62cm) FHD Laptop (8GB/256GB SSD/Win 11/Office 2021/2 Year Warranty/3 Month Game Pass/Platinum Grey/1.7Kg), 81X800LCIN  ","33,639",
"Lenovo Ideapad 3 AMD Ryzen 5 5500U 15.6"" (39.62cm) FHD Thin & Light Laptop (8GB/512GB SSD/Windows 11/Office 2021/Backlit Keyboard/2Yr Warranty/Arctic Grey/1.65Kg), 82KU017KIN  ","43,917",
Crucial RAM 8GB DDR4 3200MHz CL22 (or 2933MHz or 2666MHz) Laptop Memory CT8G4SFRA32A  ,"1,691",4.5 out of 5 stars
Crucial RAM 8GB DDR4 3200MHz CL22 (or 2933MHz or 2666MHz) Laptop Memory CT8G4SFRA32A  ,"1,691",4.5 out of 5 stars
Crucial RAM 8GB DDR4 2666 MHz CL19 Laptop Memory CT8G4SFRA266  ,"1,799",4.5 out of 5 stars
Hynix Sk 8gb 2rx8 Pc3l-12800s 1600mhz Laptop RAM Memory Hmt41gs6bfr8a-pb  ,999,4.3 out of 5 stars
Samsung original 8GB 1 x 8GB 204-pin SODIMM DDR3 PC3L-12800 1600MHz ram memory module for laptops  ,"1,800",4.3 out of 5 stars
"Bennett Nylon Drax Laptop Bag Sleeve Case Cover Pouch for 14 inches Laptop Apple/Dell/Lenovo/ASUS/Hp/Samsung/Mi/MacBook/Ultrabook/Thinkpad/IdeaPad/Surfacepro, Laptops, Tablets (Black, Drax Sleeve)  ",299,
"Bennett Nylon Drax Laptops, Tablets Laptop Bag Sleeve Case Cover Pouch for 14 inches Laptop Apple/Dell/Lenovo/ASUS/Hp/Samsung/Mi/MacBook/Ultrabook/Thinkpad/IdeaPad/Surfacepro Grey (Drax Sleeve)  ",464,
"AmazonBasics Laptop Sleeve Case Cover Pouch for 14""/35.5 cm Laptop for Men and Women | Slim Profile Neoprene, Soft Puffy Fabric Lining, 360 Protection, Smooth and Premium Zipper (Grey)  ",409,4.3 out of 5 stars
"HP 14s, 11th Gen Intel Core i3-1115G4, 8GB RAM/256GB SSD 14-inch(35.6 cm) Micro-Edge, Anti-Glare, FHD Laptop/Alexa Built-in/Win 11/Intel UHD Graphics/Dual Speakers/MSO 2021/1.41 Kg, 14s-dy2507TU  ","37,490",
"(Renewed) Dell Latitude E5470 Intel Core i5 6th Gen.6200u Processor 14.1 Inches HD Screen Notebook Computer (8 GB Ram & 256 GB SSD, Windows 10 Pro, 1.71Kg)  ","17,999",
"HP 15s,11th Gen Intel Core i3-1115G4 8GB RAM/512GB SSD 15.6-inch(39.6 cm) Micro-Edge Anti-Glare FHD Laptop/Alexa Built-in/Win 11/Intel UHD Graphics/Dual Speakers/MS Office 2021/1.69 Kg, 15s-fq2673TU  ","41,490",
"HP 15s, 11th Gen Intel Core i3 8GB RAM/1TB HDD+256 GB SSD 15.6-inches/39.6 cm FHD Laptop/Windows 11/Intel UHD Graphics/Dual Speakers/Alexa/MSO/Fast Charge/1.75 Kg, 15s-du3614TU  ","39,990",
"HP Pavilion 14 12th Gen Intel Core i5 16GB RAM/512GB SSD 14 inch(35.6cm) IPS Micro-Edge FHD Laptop/Intel Iris Xe Graphics/B&O/Win 11/Alexa Built-in/Backlit KB/FPR/MSO 2021/Natural Silver, 14-dv2014TU  ","66,990",
"Dell Inspiron 3511 Laptop, Intel i3-1115G4, 8GB DDR4 & 512GB SSD, Windows 11 + MSO'21, 15.6"" (39.62Cms) FHD WVA AG, Carbon Black (D560801WIN9B, 1.8Kgs)  ","41,990",
"Apple 2023 MacBook Pro Laptop M2 Max chip with 12‑core CPU and 38‑core GPU: 33.74 cm (16.2-inch), 32GB Unified Memory, 1TB SSD Storage. Works with iPhone/iPad; Silver  ","3,45,766",
Acer Aspire 3 AMD 3020e Dual core Processor (4GB DDR4 RAM / 1TB HDD/Windows 11 Home/Black/Narrow Bezel / 1.9 Kg) A314-22 with 14 inches (35.5 cm) HD Display Laptop  ,"23,990",
"Lenovo V15 AMD Ryzen 5 5500U 15.6"" (39.62cm) FHD 250 nits Antiglare Thin and Light Laptop (8GB/512GB SSD/Windows 11 Home/Iron Grey/1.7 Kg), 82KDA00XIH  ","37,999",
"Lenovo IdeaPad D330 Intel Celeron N4020 10.1"" (25cm) HD IPS Detachable 2-in-1 Laptop (4GB/128GB eMMC/Windows 10/1 Yr Warranty/Mineral Grey/1.1Kg), 82H0001YIN  ","20,990",
HP 245 G8 3S7L2PA Notebook Business Laptop 14 Inch HD (AMD Ryzen 3-3250/4 GB RAM / 1TB HDD/Windows 11 Home) 1 Year Onsite Brand Warranty  ,"24,990",
"Lenovo V15 Intel Celeron N4020 15.6"" (39.62 cm) HD 220 nits Antiglare Thin and Light Laptop (4GB RAM/256GB SSD/DOS/Iron Grey/1.85 kg), 82C3A008IH  ","22,980",
"Lenovo V15 AMD Ryzen5 5500U 15.6"" (39.62 cm) FHD (1920x1080) Antiglare 250 nits Thin and Light Laptop (8GB RAM/512GB SSD/DOS/Iron Grey/1.7 kg), 82KDA011IH  ","35,990",
"HP 14s, Intel Celeron N4500, 8GB RAM/256GB SSD 14-inches/35.6 cm HD, Micro-Edge Display/Alexa Built-in/Windows 11/Intel UHD Graphics/Dual Speakers/MSO 2021/1.46 Kg, 14s-dq3037tu  ","25,990",
Xiaomi Notebook Pro QHD+IPS AntiGlare Display Intel Core I5-11300H 11th Gen 14 Inch Thin & Light Laptop (16GB/512GB SSD/Iris Xe Graphics/Windows 11 Home/MS Office21/Backlit Keyboard/FP Sensor/1.4 Kg)  ,"56,999",4.3 out of 5 stars
"Apple 2020 MacBook Air Laptop M1 chip, 13.3-inch/33.74 cm Retina Display, 8GB RAM, 256GB SSD Storage, Backlit Keyboard, FaceTime HD Camera, Touch ID. Works with iPhone/iPad; Space Grey  ","84,990",4.7 out of 5 stars
"Fujitsu CH Intel Evo Core i5 11th Gen 13.3â€ FHD IGZO Panel 400Nits Thin & Light Laptop(16GB/512GB SSD/Windows 11/Office 2021/Iris Xe Graphics/Backlit/2Yr Warranty/Brown/988gm),4ZR1H03553  ","54,990",
Xiaomi Notebook Pro QHD+IPS AntiGlare Display Intel Core I5-11300H 11th Gen 14 Inch Thin & Light Laptop (16GB/512GB SSD/Iris Xe Graphics/Windows 11 Home/MS Office21/Backlit Keyboard/FP Sensor/1.4 Kg)  ,"56,999",4.3 out of 5 stars
Acer Extensa 15 Lightweight Laptop Intel Core i5 11th Gen Processor - (8 GB/ 512 GB SSD/ Windows 11 Home/ 1.7kg/ Black/ Elevated Hinge Design) EX215-54 with 39.6 cm (15.6 inches) FHD Display  ,"42,990",
"Acer Aspire Vero AV15-51-5155 Green Laptop | 15.6"" FHD IPS Display | 11th Gen Intel Core i5-1155G7 | 16GB DDR4 | 512GB SSD | Wi-Fi 6 | PCR Materials | Windows 11 Home | Fingerprint Reader | MS Office  ","54,990",
"Apple 2020 MacBook Air Laptop M1 chip, 13.3-inch/33.74 cm Retina Display, 8GB RAM, 256GB SSD Storage, Backlit Keyboard, FaceTime HD Camera, Touch ID. Works with iPhone/iPad; Space Grey  ","84,990",4.7 out of 5 stars
Acer Extensa 15 Lightweight Laptop Intel Core i5 11th Gen Processor - (8 GB/ 512 GB SSD/ Windows 11 Home/ 1.7kg/ Black/ Elevated Hinge Design) EX215-54 with 39.6 cm (15.6 inches) FHD Display  ,"42,990",
Lenovo V14-IGL Laptop Intel Celeron N4020/4GB DDR4 RAM/256GB SSD/DOS/14.0 HD/ Intel UHD Graphics 600/1 Year Warranty  ,"19,999",
"Samsung Galaxy Book2 (NP750) Intel 12th Gen core i7 39.6cm (15.6"") FHD Thin & Light Laptop (16 GB/512 GB/Windows 11/MS Office/Backlit Keyboard/Fingerprint Reader/Silver/1.55Kg), NP750XED-KC2IN  ","79,990",
"HP 15s AMD Ryzen 3-5300U 15.6inch(39.6cm) FHD Laptop (8GB RAM/512GB SSD, Micro-Edge, Anti-Glare Display/Radeon Graphics/Windows 11 Home/Alexa/Dual Speakers/Ms Office/1.69Kg, 15s-Eq2143au)  ","37,990",
"Lenovo IdeaPad Slim 1 AMD Ryzen 3 3250U 15.6"" (39.62cm) FHD Thin & Light Laptop (8GB/512GB SSD/Windows 11/Office 2021/3months Game Pass/Cloud Grey/1.6Kg), 82R10049IN  ","36,990",
"Apple 2020 MacBook Air Laptop M1 chip, 13.3-inch/33.74 cm Retina Display, 8GB RAM, 256GB SSD Storage, Backlit Keyboard, FaceTime HD Camera, Touch ID. Works with iPhone/iPad; Silver  ","84,990",4.7 out of 5 stars
"Lenovo IdeaPad Slim 3 Intel Celeron N4020 4th Gen 15.6"" (39.62cm) HD Thin & Light Laptop (8GB/256GB SSD/Windows 11/Office 2021/2Yr Warranty/3months Game Pass/Platinum Grey/1.7Kg), 81WQ00MQIN  ","25,685",
"Apple 2023 MacBook Pro Laptop M2 Max chip with 12‑core CPU and 38‑core GPU: 33.74 cm (16.2-inch), 32GB Unified Memory, 1TB SSD Storage. Works with iPhone/iPad; Silver  ","3,45,766",
Acer Aspire 3 AMD 3020e Dual core Processor (4GB DDR4 RAM / 1TB HDD/Windows 11 Home/Black/Narrow Bezel / 1.9 Kg) A314-22 with 14 inches (35.5 cm) HD Display Laptop  ,"23,990",
"HP 15s- Ryzen 5-5500U 8GB RAM/512GB SSD 15.6 inch(39cm) Micro-Edge Anti-Glare FHD Laptop (Natural Silver/AMD Radeon Graphics/Alexa/Dual Speakers/Fast Charge/Windows 11/MS Office), 15s-eq2144au  ","45,490",
"HP 15s, Intel Core i3-1115G4, 15.6 inch(39.6cm) FHD Anti-Glare Laptop(8GB RAM/512GB SSD/Intel UHD Graphics/Win 11/MSO/Dual Speakers/Alexa) 15s-fq2717TU  ","39,990",4.4 out of 5 stars
"Honor MagicBook X14, 11th Gen Intel Core i5-1135G7, 14-inch (35.56 cm) FHD IPS Anti-Glare Thin and Light Laptop (8GB/512GB PCIe SSD/Windows 11/Backlit Keyboard/Fingerprint Login/1.38Kg), Space Gray  ","46,990",
Lenovo E41-55 AMD 14-inch (35.56cm) HD Thin and Light Laptop (AMD Athlon Pro 3045B / 8GB RAM/ 1TB HDD/Windows 11 /Integrated AMD Radeon Graphics/Iron Grey/ 1.59 kg)  ,"20,999",
"Lenovo IdeaPad Slim 3 Intel Celeron N4020 4th Gen 15.6"" (39.62cm) HD 220nits Anti-Glare (8GB/256GB SDD/Windows 11/Office 2021/2Yr Warranty/3months Game Pass/Platinum Grey/1.7Kg), 81WQ00NXIN  ","25,450",
"Lenovo IdeaPad Slim 3 Chromebook Intel Celeron N4020 4th Gen 11.6'' (29.46cm) HD Thin & Light Laptop (4GB/64GB eMMC/Chrome OS/Upto 10hr Battery/2W x2 HD Speaker/Onyx Black/1.12Kg), 82BA001PHA  ","15,500",
"Lenovo V15 AMD Ryzen 3 5300U 15.6"" (39.62cm) FHD 250 nits Antiglare Thin and Light Laptop (8GB/512GB SSD/Windows 11/1 Year Onsite Warranty/Iron Grey/1.7 Kg), 82KDA01BIH  ","33,999",
"Dell XPS 9720 Laptop, Intel i9-12900HK, 32GB DDR4 & 1TB SSD, Win 11 + MSO'21, NVIDIA RTX 3060 (6GB GDDR6), 17.0"" (43.9Cms) UHD+ AR InfinityEdge Touch 500 nits, Platinum Silver (D560069WIN9S, 2.42Kgs)  ","3,85,578",
"Fujitsu CH Intel Evo Core i5 11th Gen 13.3â€ FHD IGZO Panel 400Nits Thin & Light Laptop(16GB/512GB SSD/Windows 11/Office 2021/Iris Xe Graphics/Backlit/2Yr Warranty/Brown/988gm),4ZR1H03553  ","54,990",
Xiaomi Notebook Pro QHD+IPS AntiGlare Display Intel Core I5-11300H 11th Gen 14 Inch Thin & Light Laptop (16GB/512GB SSD/Iris Xe Graphics/Windows 11 Home/MS Office21/Backlit Keyboard/FP Sensor/1.4 Kg)  ,"56,999",4.3 out of 5 stars
Acer Extensa 15 Lightweight Laptop Intel Core i5 11th Gen Processor - (8 GB/ 512 GB SSD/ Windows 11 Home/ 1.7kg/ Black/ Elevated Hinge Design) EX215-54 with 39.6 cm (15.6 inches) FHD Display  ,"42,990",
"Acer Aspire Vero AV15-51-5155 Green Laptop | 15.6"" FHD IPS Display | 11th Gen Intel Core i5-1155G7 | 16GB DDR4 | 512GB SSD | Wi-Fi 6 | PCR Materials | Windows 11 Home | Fingerprint Reader | MS Office  ","54,990",
"Lenovo IdeaPad Slim 3 Intel Core i5 11th Gen 15.6 inches (39.62cm) FHD Thin & Light Business Laptop (8GB/512GB SSD/Windows 11/MS Office/Backlit Keyboard/Arctic Grey/1.65Kg), 82H802XTIN  ","50,990",
"ASUS VivoBook 15, Intel Core i3-1115G4 11th Gen, 15.6"" (39.62 cm) FHD, Thin & Light Laptop (8GB/512GB SSD/Integrated Graphics/Windows 11/Office 2021/Black/1.8 kg), X1500EA-EJ322WS  ","37,990",
"ASUS VivoBook 14 (2021), Intel Core i5-1135G7 11th Gen, 14-inch (35.56 cms) FHD Thin and Light Laptop (8GB/1TB HDD + 256GB SSD/Office 2021/Windows 11/Iris Xe Graphics/Silver/1.6 Kg), X415EA-EK572WS  ","49,990",
"Acer Extensa 15 Lightweight Laptop 11th Gen Intel Core i3 Processor with 15.6"" (39.6 cms) Full HD Display- (8 GB RAM/256GB SSD/Windows 11 Home/Intel UHD Graphics /1.7Kg/Black) EX215-54  ","32,489",
"Lenovo (Renewed) Thinkpad X270 12.5-inch Laptop (7th Gen Core i5-7200U/8GB/512GB/Windows 10/Integrated Graphics), Black  ","18,799",
"Dell Vostro 3510 Laptop, Intel Pentium Gold 7505, 8GB & 256GB SSD, 15.6"" (39.62Cms) FHD WVA AG, Win 11 + MSO'21, Carbon Color (ICC-D585046WIN8, 1.69KGs)  ","32,590",
"Lenovo ThinkBook 15 G3 Ryzen 3 15.6"" FHD Thin and Light Laptop (8GB RAM/512GB SSD/Windows 11 Home/Fingerprint Reader/Mineral Grey/1.7 kg), 21A4A08WIH  ","35,990",4.6 out of 5 stars
"ASUS VivoBook 15 (2021), 15.6-inch (39.62 cm) HD, Dual Core Intel Celeron N4020, Thin and Light Laptop (4GB RAM/256GB SSD/Integrated Graphics/Windows 11 Home/Transparent Silver/1.8 Kg), X515MA-BR011W  ","25,990",
"Apple 2023 MacBook Pro Laptop M2 Max chip with 12‑core CPU and 38‑core GPU: 33.74 cm (16.2-inch), 32GB Unified Memory, 1TB SSD Storage. Works with iPhone/iPad; Silver  ","3,45,766",
Acer Aspire 3 AMD A3020e Dual Core Processor (4GB RAM/256GB SSD/Windows 11 Home/AMD Radeon Graphics/Black/1.9 Kg) A314-22 with 14 inches (35.5 cm) HD Laptop  ,"22,900",
"HP Victus Gaming Latest AMD Ryzen 5 5600H Processor 16.1 inch(40.9 cm) FHD Gaming Laptop (8GB RAM/512GB SSD/4GB Radeon RX5500M Graphics/B&O/Backlit KB/Win 11/MS Office/Xbox Game Pass),16-E0162ax  ","55,990",4.3 out of 5 stars
"ASUS Vivobook 14, Intel Core i3-1115G4 11th Gen, 14"" (35.56 cm) FHD, Thin and Light Laptop (8GB/512GB SSD/Office 2021/Windows 11 Home/Integrated Graphics/Fingerprint/Silver/1.6 kg), X415EA-EB322WS  ","38,990",
"(Renewed) Lenovo Thinkpad Laptop T460 Intel Core i5 - 6300u Processor 16 GB Ram & 1 TB SSD, 14 Inches Notebook Computer  ","22,371",
"Lenovo IdeaPad 3 11th Gen Intel Core i3 15.6"" FHD Thin & Light Laptop(8GB/512GB SSD/Windows 11/Office 2021/2Yr Warranty/3months Xbox Game Pass/Platinum Grey/1.7Kg), 81X800N2IN  ","36,158",
"HP Victus Gaming Latest 12th Gen Intel Core i7 12650H 15.6 inch(39.6 cm) FHD Gaming Laptop (8GB RAM/512GB SSD/RTX 3050 4GB Graphics/144Hz/9ms Rs Time/Win 11/MSO/BL KB/B&O/Alexa/Xbox Pass),15-fa0073TX  ","79,990",4.3 out of 5 stars
"(Renewed) Lenovo Thinkpad T440 14 inches Robust Security & Manageability Laptop (Intel Core i5 4th Gen/8GB/500GB HDD/Windows 10/MS Office Pro 2019/Integrated Graphics), Black, 1.9kg  ","14,804",
"MSI Titan GT77 HX, Intel 13th Gen. i9-13980HX, 44CM FHD 144Hz Mini LED, HDR 1000 Gaming Laptop (64GB/4TB NVMe SSD/Windows 11 Home/Nvidia GeForce RTX4090, 16GB GDDR6/Core Black/3.3Kg), 13VI-092IN  ","6,23,860",
"HP 247 G8 Laptop Ryzen 3 Quad Core - (8 GB/512 GB SSD/DOS) 796Z3PA (14 inch, Black, 1.47 kg)  ","26,490",
"Fujitsu CH Intel Evo Core i5 11th Gen 13.3â€ FHD IGZO Panel 400Nits Thin & Light Laptop(16GB/512GB SSD/Windows 11/Office 2021/Iris Xe Graphics/Backlit/2Yr Warranty/Brown/988gm),4ZR1H03553  ","54,990",
Xiaomi Notebook Pro QHD+IPS AntiGlare Display Intel Core I5-11300H 11th Gen 14 Inch Thin & Light Laptop (16GB/512GB SSD/Iris Xe Graphics/Windows 11 Home/MS Office21/Backlit Keyboard/FP Sensor/1.4 Kg)  ,"56,999",4.3 out of 5 stars
Acer Extensa 15 Lightweight Laptop Intel Core i5 11th Gen Processor - (8 GB/ 512 GB SSD/ Windows 11 Home/ 1.7kg/ Black/ Elevated Hinge Design) EX215-54 with 39.6 cm (15.6 inches) FHD Display  ,"42,990",
"Acer Aspire Vero AV15-51-5155 Green Laptop | 15.6"" FHD IPS Display | 11th Gen Intel Core i5-1155G7 | 16GB DDR4 | 512GB SSD | Wi-Fi 6 | PCR Materials | Windows 11 Home | Fingerprint Reader | MS Office  ","54,990",
"HP 15s, 12th Gen Intel Core i5 8GB RAM/512GB SSD 15.6-inch(39.6 cm) Micro-Edge Anti-Glare FHD Laptop/Intel Iris Xe Graphics/Alexa/Dual Speakers/Win 11/MSO 2021/1.41 Kg, 15s- fq5111TU  ","58,400",
"ASUS Vivobook Go 14 (2023), AMD Ryzen 3 7320U, 14-inch (35.56 cm) FHD, Thin & Light Laptop (8GB/512GB SSD/Windows 11/Office 2021/Alexa Built-in/Mixed Black/1.38 kg), E1404FA-NK322WS  ","40,890",
"Microsoft Surface Laptop Go 12.4"" Touchscreen Laptop PC, Intel Quad-Core i5-1035G1, 4GB RAM, 64GB eMMC, Webcam, Windows 10 Pro, Bluetooth, Online Class Ready - Platinum  ","39,990",
"HP 14s, Ryzen 5-5500U 16GB RAM/512GB SSD 14-inches (35.6 cm) FHD, IPS, Micro-Edge Display/AMD Radeon Graphics/Alexa/Win 11/Backlit KB/Dual Speakers/MSO 2021/1.46 Kg, 14s- fy1003AU, Windows 11 Home  ","48,990",
"HP 14s, 11th Gen Intel Core i3-1115G4, 8GB RAM/256GB SSD 14-inch(35.6 cm) Micro-Edge, Anti-Glare, FHD Laptop/Alexa Built-in/Win 11/Intel UHD Graphics/Dual Speakers/MSO 2021/1.41 Kg, 14s-dy2507TU  ","37,490",
"Lenovo IdeaPad Slim 3 Intel Core i5 12th Gen 15.6"" (39.62cm) FHD Thin & Light Laptop (8GB/512GB SSD/Windows 11/Office 2021/Backlit/2Yr Warranty/3months Game Pass/Arctic Grey/1.63Kg), 82RK0062IN  ","54,017",
"HP 15s, 11th Gen Intel Core i5-1155G7, 15.6 inch(39.6cm) FHD Anti-Glare Laptop(8GB RAM/512 GB SSD/Intel Iris Xe Graphics/Win 11/Dual Speakers/Backlit KeyboardAlexa Built-in/MSO 2021) 15s-fr4000TU  ","52,990",
"Dell Inspiron 3511 Laptop, Intel Core i5-1135G7, 8GB, 512GB SSD, 15.6"" (39.62Cms) FHD WVA AG, Windows 11 + MSO'21, Carbon Black (1.8Kgs, D560745WIN9B)  ","54,476",
Acer Aspire 3 AMD A3020e Dual Core Processor (4GB RAM/256GB SSD/Windows 11 Home/AMD Radeon Graphics/Black/1.9 Kg) A314-22 with 14 inches (35.5 cm) HD Laptop  ,"22,900",
"Fujitsu CH Intel Evo Core i5 11th Gen 13.3â€ FHD IGZO Panel 400Nits Thin & Light Laptop(16GB/512GB SSD/Windows 11/Office 2021/Iris Xe Graphics/Backlit/2Yr Warranty/Brown/988gm),4ZR1H03553  ","54,990",
"ASUS ROG Flow X16 (2022), 16"" (40.64 cm) QHD+ 16:10 165Hz/3ms Touch, AMD Ryzen 7 6800HS, 4GB RTX 3050 Ti, 2-in-1 Gaming Laptop (16GB/1TB SSD/Windows 11/with Office/Gray/2.00 Kg), GV601RE-M6012WS  ","1,49,700",
"HP 250 G8 Laptop (11th Gen Intel Core i3-11th Gen /8GB DDR4 Ram / 512GB SSD/Windows 11/39.62 cm (15.6 inch) HD/Intel UHD Graphics) 6X4B3PA (Dark Ash,1.74 kg)  ","35,990",
"Lenovo (Renewed) Thinkpad T440-i5-8 GB-500 GB 14-inch Laptop (4th Gen Core i5/8GB/500GB HDD/Windows 7/Integrated Graphics), Black  ","15,151",
"(Renewed) DELL LATITUDE E7280 Lightweight (Core i5 6200U/ 8 GB RAM/ 512 GB SSD/ 12.5 Inches, Air Laptop (Ultra Slim & Feather Light 1KG) Notebook Computer) 1 Year Warranty  ",,
"ASUS ROG Strix G17, 17.3-inch (43.94 cms) FHD 144Hz, AMD Ryzen 7 4800H, RTX 3050 Ti 4GB Graphics, Gaming Laptop (16GB/1TB SSD/Windows 11//Gray/2.4 kg), G713IE-HX040W  ","90,990",4.5 out of 5 stars
"ASUS VivoBook 14 (2021), Intel Core i5-1035G1 10th Gen, 14-inch (35.56 cms) FHD Thin and Light Laptop (8GB/512GB SSD/Office 2021/Windows 11/Integrated Graphics/Silver/1.6 Kg), X415JA-EB521WS  ","42,990",
"(Renewed) Lenovo 100E 2ND Gen Notebook Laptop, 11.6"" HD (1366 X 768) Display, Intel Celeron N4000 Dual-core (2 Core) 1.10 GHz - 4 GB RAM - 64 GB Flash Memory, Windows 10 Pro (slim & lightweight)  ","11,999",
"Lenovo E41-55 AMD 14-inch HD 220 Nits Antiglare Thin and Light Laptop (AMD Athlon A3050U/4GB RAM/1TB HDD/DOS/Integrated AMD Graphics/Grey/1 Year Onsite/1.59 kg), 82FJ00B2IH  ","17,990",
"Apple 2023 MacBook Pro Laptop M2 Max chip with 12‑core CPU and 38‑core GPU: 33.74 cm (16.2-inch), 32GB Unified Memory, 1TB SSD Storage. Works with iPhone/iPad; Silver  ","3,45,766",
Xiaomi Notebook Pro QHD+IPS AntiGlare Display Intel Core I5-11300H 11th Gen 14 Inch Thin & Light Laptop (16GB/512GB SSD/Iris Xe Graphics/Windows 11 Home/MS Office21/Backlit Keyboard/FP Sensor/1.4 Kg)  ,"56,999",4.3 out of 5 stars
Acer Extensa 15 Lightweight Laptop Intel Core i5 11th Gen Processor - (8 GB/ 512 GB SSD/ Windows 11 Home/ 1.7kg/ Black/ Elevated Hinge Design) EX215-54 with 39.6 cm (15.6 inches) FHD Display  ,"42,990",
"Acer Aspire Vero AV15-51-5155 Green Laptop | 15.6"" FHD IPS Display | 11th Gen Intel Core i5-1155G7 | 16GB DDR4 | 512GB SSD | Wi-Fi 6 | PCR Materials | Windows 11 Home | Fingerprint Reader | MS Office  ","54,990",
"Lenovo E41-55 AMD 14-inch HD 220 Nits Antiglare Thin and Light Laptop (AMD Athlon A3050U/4GB RAM/1TB HDD/DOS/Integrated AMD Graphics/Grey/1 Year Onsite/1.59 kg), 82FJ00B2IH  ","17,990",
"HP 245 G8 Laptop 62G69PA (AMDRyzen™3 3250U/8GB Ram/ 512 GB SSD/ 14"" Inch HD/ Windows 11 HomeSingleLanguage/1 Year Warranty)  ","32,990",
"HP 14s, AMD Athlon Silver 3050U, 8GB RAM/256GB SSD 14-inch(35.6 cm) HD,Micro-Edge Display/Win 11/AMD Radeon Graphics/Dual Speakers/MSO 2021/Fast Charge/1.41 Kg, 14s-fq0568AU  ","25,190",
"Acer Aspire Vero AV15-51-5155 Green Laptop | 15.6"" FHD IPS Display | 11th Gen Intel Core i5-1155G7 | 16GB DDR4 | 512GB SSD | Wi-Fi 6 | PCR Materials | Windows 11 Home | Fingerprint Reader | MS Office  ","54,990",4.3 out of 5 stars
"Acer Aspire Vero AV15-51-5155 Green Laptop | 15.6"" FHD IPS Display | 11th Gen Intel Core i5-1155G7 | 16GB DDR4 | 512GB SSD | Wi-Fi 6 | PCR Materials | Windows 11 Home | Fingerprint Reader | MS Office  ","54,990",
"Lenovo IdeaPad Slim 5 Intel Core i5 11th Gen 15.6"" (39.62cm) FHD IPS Thin & Light Laptop (16GB/512GB SSD/Windows 11/Office 2021/Backlit/FPR/3months Game Pass/Graphite Grey/1.66Kg), 82FG01B5IN  ","57,878",
"Acer Nitro 5 12th Gen Intel Core Intel Core i5-12500H Processor 15.6-inch (39.62 cms) FHD 144 Hz Gaming Laptop (16 GB RAM/RTX 3050 Graphics/512 GB SSD/Windows 11 Home/2.5 Kgs/RGB Backlit), AN515-58  ","82,990",4.3 out of 5 stars
"Lenovo IdeaPad 3 11th Gen Intel Core i3 15.6"" FHD Thin & Light Laptop(8GB/512GB SSD/Windows 11/Office 2021/2Yr Warranty/3months Xbox Game Pass/Platinum Grey/1.7Kg), 81X800N2IN  ","36,158",
"Lenovo IdeaPad Gaming 3 Intel Core i5 11th Gen 15.6"" (39.62cm) FHD IPS Gaming Laptop (8GB/512GB SSD/4GB NVIDIA GTX 1650/120Hz/Win 11/Backlit/3months Game Pass/Shadow Black/2.25Kg), 82K10198IN  ","55,937",
(Renewed) B0BD423QYF - Lenovo K14 Cognizant Standard Laptop - Intel i5-1145G7  ,"45,495",
"HP 240 G8 (4K5D5PA) Laptop (Intel Core I3/ 11th Gen/ 8GB RAM/ 512GB SSD/ DOS/ 35.6 cm (14"") Diagonal, HD (1366 x 768), Micro-Edge, Anti-Glare, 250 nits, 45% NTSC/ 1 Year Warranty)  ","38,614",
Acer Aspire 3 AMD 3020e Dual core Processor (4GB DDR4 RAM / 1TB HDD/Windows 11 Home/Black/Narrow Bezel / 1.9 Kg) A314-22 with 14 inches (35.5 cm) HD Display Laptop  ,"23,990",
"Dell Vostro 3420 Metal Laptop, Intel Core i5-1235U, 16GB & 512GB SSD, 14.0"" (35.56Cms) FHD WVA AG 250 nits, Backlit KB, Win 11 + MSO'21, Titan Grey (293420NC8R1O2MC1IN, 1.48 KGs)  ","64,450",
"(Renewed) HP Chromebook 13 G1 6th Gen Intel Core m5 Thin & Light FHD Laptop (8 GB RAM/32 GB eMMC Storage/13.3"" (33.8 cm) FHD/Chrome OS/WiFi/Bluetooth/Webcam/Intel Graphics)  ","14,999",
Acer Aspire 3 AMD A3020e Dual Core Processor (4GB RAM/256GB SSD/Windows 11 Home/AMD Radeon Graphics/Black/1.9 Kg) A314-22 with 14 inches (35.5 cm) HD Laptop  ,"22,900",
"Fujitsu CH Intel Evo Core i5 11th Gen 13.3â€ FHD IGZO Panel 400Nits Thin & Light Laptop(16GB/512GB SSD/Windows 11/Office 2021/Iris Xe Graphics/Backlit/2Yr Warranty/Brown/988gm),4ZR1H03553  ","54,990",
"(Renewed) Lenovo Intel Core i5 3320M 14-Inch (35.56 cms) 1366x768 Laptop (8 GB/500 GB HDD/Windows 10/MS Office Pro 2019 /Intel HD Graphics 4000/Black/1.60 Kg), Thinkpad T430  ","15,099",
"HP 14s, 5th Gen AMD Ryzen 3-8GB RAM/512GB SSD 14 inches(35cm) Laptop, FHD IPS Micro-Edge Display/Backlit Keyboard/Alexa/Windows 11/Fast Charge/Radeon Graphics/1.46Kg/Natural Silver -14s-fq1089AU  ","39,790",
"Apple 2023 MacBook Pro Laptop M2 Max chip with 12‑core CPU and 38‑core GPU: 33.74 cm (16.2-inch), 32GB Unified Memory, 1TB SSD Storage. Works with iPhone/iPad; Silver  ","3,45,766",
"RedmiBook Pro Intel Core i5 11th Gen H Series 15.6-inch(39.62 cm) Thin and Light Laptop (8GB/512 GB SSD/Windows 11) (Charcoal Gray, 1.8 kg, with MS Office'21)  ",,
"Lenovo (Renewed) Thinkpad T440-i5-4 GB-500 GB 14-inches Laptop, Intel 4th Gen Core i5/4GB/500GB HDD/Windows 7/Integrated Graphics - Black  ","14,789",
"Acer Aspire 5 Gaming Laptop Intel Core i5 12th gen (12-Cores) Processor (16 GB/512 GB SSD/Win11 Home/4GB Graphics/RTX 2050) A515-57G (15.6"" FHD Display, 1.8 Kg),Flat Rs: 2000 of All Bank Cards  ","61,990",
"HP Victus Gaming Laptop AMD Ryzen 5 5600H 15.6 inch(39.6 cm) FHD IPS Gaming Laptop (16GB RAM/512GB SSD/NVIDIA GeForce RTX 3050 4GB Graphics/144Hz/9ms Response time/Backlit KB/B&O/Alexa),15-fb0106AX  ","69,990",4.5 out of 5 stars
"HP 247 G8 Laptop (AMD Athlon P-3045B HD/ 14 inches(35.5cm) HD /8GB RAM DDR4 /1TB HDD/Windows 11 Home/ W11 SL) One Year Warranty, Black, 67U77PA  ","29,977",
"Apple 2023 MacBook Pro Laptop M2 Max chip with 12‑core CPU and 38‑core GPU: 33.74 cm (16.2-inch), 32GB Unified Memory, 1TB SSD Storage. Works with iPhone/iPad; Silver  ","3,45,766",
Xiaomi Notebook Pro QHD+IPS AntiGlare Display Intel Core I5-11300H 11th Gen 14 Inch Thin & Light Laptop (16GB/512GB SSD/Iris Xe Graphics/Windows 11 Home/MS Office21/Backlit Keyboard/FP Sensor/1.4 Kg)  ,"56,999",4.3 out of 5 stars
Acer Extensa 15 Lightweight Laptop Intel Core i5 11th Gen Processor - (8 GB/ 512 GB SSD/ Windows 11 Home/ 1.7kg/ Black/ Elevated Hinge Design) EX215-54 with 39.6 cm (15.6 inches) FHD Display  ,"42,990",
"Acer Aspire Vero AV15-51-5155 Green Laptop | 15.6"" FHD IPS Display | 11th Gen Intel Core i5-1155G7 | 16GB DDR4 | 512GB SSD | Wi-Fi 6 | PCR Materials | Windows 11 Home | Fingerprint Reader | MS Office  ","54,990",
"(Renewed) HP Chromebook C640 10th Gen Intel Core i5 Thin & Light FHD Laptop (8 GB DDR4 RAM/64 GB eMMC SSD/14"" (35.6 cm) FHD/Chrome OS/WiFi/Bluetooth/Webcam/Intel Graphics)  ","19,999",
"Lenovo V14 Intel Core i5 11th Gen 14"" (35.6 cm) HD (1366x768) Antiglare 250 nits Thin and Light Laptop (8GB RAM/512GB SSD/DOS/Iron Grey/1.6 kg), 82KAA002IH  ","47,199",
"(Renewed) Lenovo ThinkPad 8th Gen Intel Core i5 Thin & Light HD Laptop (16 GB DDR4 RAM/512 GB SSD/14"" (35.6 cm) HD/Windows 11/MS Office/WiFi/Bluetooth 4.1/Webcam/Integrated Graphics)  ","29,999",
"Lenovo Ideapad 3 AMD Ryzen 5 5500U 15.6"" (39.62cm) FHD Thin & Light Laptop (8GB/512GB SSD/Windows 11/Office 2021/Backlit Keyboard/2Yr Warranty/Arctic Grey/1.65Kg), 82KU017KIN  ","43,917",
"HP 15s, Ryzen 5-5500U, 16GB RAM/512GB SSD 15.6-inches(39.6 cm) FHD, Micro-Edge, Anti-Glare Display/Alexa Built-in/Windows 11 /AMD Radeon Graphics/Dual Speakers/MS Office 2021/1.69 Kg, 15s-eq2182AU  ","50,990",
"MSI Stealth 15, Intel 13th Gen. i7-13620H, 40CM FHD 144Hz Gaming Laptop (16GB/1TB NVMe SSD/Windows 11 Home/Nvidia GeForce RTX4050, 6GB GDDR6/Black/2.1Kg), A13VE-034IN  ","1,58,036",
"HP 15s, AMD Athlon Silver 3050U 8GB RAM/512GB SSD 15.6-inches/39.6 cm HD, Micro-Edge Display/Windows 11/AMD Radeon Graphics/Dual Speakers/MSO/Fast Charge/1.69 Kg, 15s-eq1559AU  ","32,500",
"(Renewed) Dell Latitude E7270 6th Gen Intel Core i7 Thin & Light FHD Laptop (16 GB DDR4 RAM/512 GB SSD/12.5"" (31.8 cm) FHD/Windows 11/MS Office/WiFi/Bluetooth/Webcam/Integrated Graphics)  ","25,499",
"Fujitsu CH Intel Evo Core i5 11th Gen 13.3â€ FHD IGZO Panel 400Nits Thin & Light Laptop(16GB/512GB SSD/Windows 11/Office 2021/Iris Xe Graphics/Backlit/2Yr Warranty/Brown/988gm),4ZR1H03553  ","54,990",
Acer Aspire 3 AMD A3020e Dual Core Processor (4GB RAM/256GB SSD/Windows 11 Home/AMD Radeon Graphics/Black/1.9 Kg) A314-22 with 14 inches (35.5 cm) HD Laptop  ,"22,900",
"HP Pavilion Laptop 15,12th Gen Intel Core i5-1240P 15.6 inch(49.6cm) FHD IPS Laptop(16GB RAM/512GB SSD/Intel Iris Xe Graphics/Win 11/MSO 2021/Backlit/Flicker Free/B&O/Alexa) 15-eg2091TU  ","72,800",
"Lenovo V14 Intel Core i3 11th Gen 14"" (35.6 cm) HD (1366x768) Antiglare 250 nits Thin and Light Laptop (8GB RAM/512GB SSD/DOS/Iron Grey/1.6 kg), 82KAA08BIH  ","32,999",
"Lenovo E41-55 AMD 14-inch HD 220 Nits Antiglare Thin and Light Laptop (AMD Athlon A3050U/4GB RAM/256GB SSD/Windows 10 Home/Integrated AMD Graphics/Grey/1 Year Onsite/1.59 kg), 82FJ00BLIH  ","20,990",
"ASUS Vivobook 16X (2022), 16-inch (40.64 cms) WUXGA, AMD Ryzen 5 5600H, Thin and Light Laptop (8GB/512GB SSD/Integrated Graphics/Windows 11/Office 2021/Quiet Blue/1.8 kg), M1603QA-MB502WS  ","49,990",
"HP 15s, Intel Core i3-1115G4, 15.6 inch(39.6cm) FHD Laptop(8GB RAM/1TB HDD+256GB SSD/Intel UHD Graphics/Win 11/MSO/Dual Speakers/Alexa) 15s-du3612TU  ","40,990",
"Apple 2023 MacBook Pro Laptop M2 Max chip with 12‑core CPU and 30‑core GPU: 33.74 cm (14.2-inch), 32GB Unified Memory, 1TB SSD Storage. Works with iPhone/iPad; Silver  ","3,09,900",
Lenovo E41-55 Laptop ( AMD Athlon Pro 3045B/ 4GB RAM/ 1TB HDD/ Windows 11 Home / AMD Radeon Graphics/ 14 Inches/ 1 Year Warranty) Black  ,"19,999",
"LG Gram16 Intel EVO-[12th Gen Core i7/Win11/16GB/512GB SSD Intel Iris Xe Graphics] [Thunderbolt4/USB-C] [FHD Webcam+Built-in AI] 80WH Battery 3Yrs Warranty(Black,1.14 Kg)  ","99,990",
"Apple 2023 MacBook Pro Laptop M2 Max chip with 12‑core CPU and 38‑core GPU: 33.74 cm (16.2-inch), 32GB Unified Memory, 1TB SSD Storage. Works with iPhone/iPad; Silver  ","3,45,766",
Xiaomi Notebook Pro QHD+IPS AntiGlare Display Intel Core I5-11300H 11th Gen 14 Inch Thin & Light Laptop (16GB/512GB SSD/Iris Xe Graphics/Windows 11 Home/MS Office21/Backlit Keyboard/FP Sensor/1.4 Kg)  ,"56,999",4.3 out of 5 stars
Acer Extensa 15 Lightweight Laptop Intel Core i5 11th Gen Processor - (8 GB/ 512 GB SSD/ Windows 11 Home/ 1.7kg/ Black/ Elevated Hinge Design) EX215-54 with 39.6 cm (15.6 inches) FHD Display  ,"42,990",
"Acer Aspire Vero AV15-51-5155 Green Laptop | 15.6"" FHD IPS Display | 11th Gen Intel Core i5-1155G7 | 16GB DDR4 | 512GB SSD | Wi-Fi 6 | PCR Materials | Windows 11 Home | Fingerprint Reader | MS Office  ","54,990",
"HP 15s-Ryzen 3 3250U 8GB SDRAM/256GB SSD 15.6inch(39.6cm) HD, Micro-Edge Laptop/AMD Radeon Graphics/Dual Speakers/Win 11 Home/MS Office/Fast Charge/Jet Black/1.69Kg, 15s-ey1508AU  ","35,500",
"HP Chromebook 11a, MediaTek MT8183 Processor 11.6 inch(29.5 cm) Thin and Light Touchscreen Laptop (4 GB RAM/64 GB eMMC/Chrome OS/Fast Charge/Google Assistant/Indigo Blue/1.07Kg), na0002MU, 1.07Kg  ","19,990",
"Lenovo Ideapad 3 AMD Ryzen 5 5500U 15.6"" (39.62cm) FHD Thin & Light Laptop (8GB/512GB SSD/Windows 11/Office 2021/Backlit Keyboard/2Yr Warranty/Arctic Grey/1.65Kg), 82KU017KIN  ","43,917",
"Acer Aspire Vero AV15-51-5155 Green Laptop | 15.6"" FHD IPS Display | 11th Gen Intel Core i5-1155G7 | 16GB DDR4 | 512GB SSD | Wi-Fi 6 | PCR Materials | Windows 11 Home | Fingerprint Reader | MS Office  ","54,990",4.3 out of 5 stars
"Acer Aspire Vero AV15-51-5155 Green Laptop | 15.6"" FHD IPS Display | 11th Gen Intel Core i5-1155G7 | 16GB DDR4 | 512GB SSD | Wi-Fi 6 | PCR Materials | Windows 11 Home | Fingerprint Reader | MS Office  ","54,990",
"Lenovo IdeaPad Slim 5 Intel Core i5 11th Gen 15.6"" (39.62cm) FHD IPS Thin & Light Laptop (16GB/512GB SSD/Windows 11/Office 2021/Backlit/FPR/3months Game Pass/Graphite Grey/1.66Kg), 82FG01B5IN  ","57,878",
"Acer Nitro 5 12th Gen Intel Core Intel Core i5-12500H Processor 15.6-inch (39.62 cms) FHD 144 Hz Gaming Laptop (16 GB RAM/RTX 3050 Graphics/512 GB SSD/Windows 11 Home/2.5 Kgs/RGB Backlit), AN515-58  ","82,990",4.3 out of 5 stars
"Lenovo IdeaPad 3 11th Gen Intel Core i3 15.6"" FHD Thin & Light Laptop(8GB/512GB SSD/Windows 11/Office 2021/2Yr Warranty/3months Xbox Game Pass/Platinum Grey/1.7Kg), 81X800N2IN  ","36,158",
"Lenovo IdeaPad Gaming 3 Intel Core i5 11th Gen 15.6"" (39.62cm) FHD IPS Gaming Laptop (8GB/512GB SSD/4GB NVIDIA GTX 1650/120Hz/Win 11/Backlit/3months Game Pass/Shadow Black/2.25Kg), 82K10198IN  ","55,937",
"(Renewed) HP Ultra Beautiful Laptop 348G4 Intel Core i5 Mobile-7th Gen -Processor, 8 GB Ram & 256 GB SSD, 14Inches Screen Notebook Computer  ","20,990",
"HP 247 G8 Laptop (AMD Athlon P-3045B HD/ 14 inches(35.5cm) HD /8GB RAM DDR4 /1TB HDD/Windows 11 Home/ W11 SL) One Year Warranty, Black, 67U77PA  ","29,977",
"(Renewed) Lenovo IdeaPad 6th Gen Intel Core i5 Thin & Light HD Laptop (8 GB DDR4 RAM/256 GB SSD/14"" (35.6 cm) HD/Windows 11/MS Office/WiFi/Bluetooth 4.1/Webcam/Integrated Graphics)  ","18,998",
"Lenovo Ideapad Gaming 3 AMD Ryzen 5 5600H 15.6"" (39.62cm) FHD IPS Gaming Laptop (16GB/512GB SSD/4GB NVIDIA RTX 3050/120Hz/Win 11/Office 2021/Backlit/3months Game Pass/Shadow Black/2.25Kg), 82K201ULIN  ","68,928",4.3 out of 5 stars
Acer Extensa 15 AMD Ryzen 3 7320U Quad-Core Processor (8 GB/512 GB SSD/Windows 11 Home/AMD Radeon Graphics/1.78 KG/Steel Gray) EX215-23 Full HD Display Laptop  ,"36,990",
"Fujitsu CH Intel Evo Core i5 11th Gen 13.3â€ FHD IGZO Panel 400Nits Thin & Light Laptop(16GB/512GB SSD/Windows 11/Office 2021/Iris Xe Graphics/Backlit/2Yr Warranty/Brown/988gm),4ZR1H03553  ","54,990",
Acer Aspire 3 AMD A3020e Dual Core Processor (4GB RAM/256GB SSD/Windows 11 Home/AMD Radeon Graphics/Black/1.9 Kg) A314-22 with 14 inches (35.5 cm) HD Laptop  ,"22,900",
"ASUS Vivobook 14, Intel Core i7-1165G7 11th Gen, 14"" (35.56 cm) FHD, Thin and Laptop (16GB/512GB SSD/Intel Iris Xe Graphics/Windows 11/Office 2021/FP Sensor/Silver/1.55 kg), X415EA-EK701WS  ","56,990",
"Dell Inspiron 3511 Laptop, Intel Core i5-1135G7, 8GB, 512GB SSD, 15.6"" (39.62Cms) FHD WVA AG, Windows 11 + MSO'21, Carbon Black (1.8Kgs, D560745WIN9B)  ","54,476",
"Lenovo IdeaPad Slim 3 Intel Core i3 11th Gen 15.6"" (39.62cm) FHD Thin & Light Laptop (8GB/512GB SDD/Windows 11/Office 2021/2Yr Warranty/3months Game Pass/Arctic Grey/1.65Kg), 82H801L7IN  ","40,750",
"HP Victus AMD Ryzen 7 5800H 16.1 inch(40.9 cm) FHD Gaming Laptop (8GB RAM/512GB SSD/4GB Radeon RX 5500M Graphics/144Hz/Win 11/MSO/Backlit Keyboard/B&O Audio/XBOX Game Pass(30 day)/2.48 Kg), 16-e0550AX  ","62,990",
"ASUS VivoBook 14 (2021), Intel Core i5-1135G7 11th Gen, 14-inch (35.56 cms) FHD Thin and Light Laptop (8GB/512GB SSD/Office 2021/Windows 11/Integrated Graphics/Silver/1.6 Kg), X415EA-EK522WS  ","45,990",
"HP 15s, 12th Gen Intel Core i5 16GB RAM/512GB SSD 15.6-inch(39.6 cm) Micro-Edge Anti-Glare FHD Laptop/Win 11/Intel Iris Xe Graphics/Dual Speakers/Alexa/Backlit KB/MSO/Fast Charge, 15s- fq5112TU  ","62,490",
"Microsoft Surface Laptop Go 12.4"" Touchscreen Laptop PC, Intel Quad-Core i5-1035G1, 4GB RAM, 64GB eMMC, Webcam, Windows 10 Pro, Bluetooth, Online Class Ready - Platinum  ","39,990",
"Dell New Inspiron 3511 Laptop,11th Gen Intel Core I3-1115G4, Windows 11 + MSO'21, 8Gb, 512Gb SSD, 15.6"" (39.62Cms) FHD WVA Ag, Platinum Silver (D560749Win9S, 1.8Kgs)  ","42,849",
"Apple 2023 MacBook Pro Laptop M2 Max chip with 12‑core CPU and 38‑core GPU: 33.74 cm (16.2-inch), 32GB Unified Memory, 1TB SSD Storage. Works with iPhone/iPad; Silver  ","3,45,766",
"Lenovo IdeaPad Slim 5 Intel Core i5 11th Gen 15.6"" (39.62cm) FHD IPS Thin & Light Laptop (16GB/512GB SSD/Windows 11/Office 2021/Backlit/FPR/3months Game Pass/Graphite Grey/1.66Kg), 82FG01B5IN  ","57,878",
Acer Extensa 15 Lightweight Laptop Intel Core i5 11th Gen Processor - (8 GB/ 512 GB SSD/ Windows 11 Home/ 1.7kg/ Black/ Elevated Hinge Design) EX215-54 with 39.6 cm (15.6 inches) FHD Display  ,"42,990",
"Acer Aspire Vero AV15-51-5155 Green Laptop | 15.6"" FHD IPS Display | 11th Gen Intel Core i5-1155G7 | 16GB DDR4 | 512GB SSD | Wi-Fi 6 | PCR Materials | Windows 11 Home | Fingerprint Reader | MS Office  ","54,990",
(Renewed) Lenovo ThinkPad T Series T450 (20BV0064US) Laptop Intel Core i5 5300U (2.30 GHz) 4 GB Memory 500 GB HDD 14 1366 x 768 Intel HD Graphics 5500 Windows 7 Professional 64-Bit / Windows 10 Pro Downgrade inches  ,"14,249",
"HP 15s-11th Gen Intel Core i3 15.6 Laptop (8GB RAM/512GB SSD, FHD, Micro-Edge, Anti-Glare Display UHD Graphics/Alexa/Windows 11/ Dual Speakers/Fast Charge/Win 11/Backlit/MS Office) 15s- fr2512TU  ","41,490",
Acer Extensa 15 AMD Ryzen 3 7320U Quad-Core Processor (8 GB/512 GB SSD/Windows 11 Home/AMD Radeon Graphics/1.78 KG/Steel Gray) EX215-23 Full HD Display Laptop  ,"36,990",
"(Renewed) Lenovo 100E 2ND Gen Notebook Laptop, 11.6"" HD (1366 X 768) Display, Intel Celeron N4000 Dual-core (2 Core) 1.10 GHz - 4 GB RAM - 64 GB Flash Memory, Windows 10 Pro (slim & lightweight)  ","11,999",
"Lenovo IdeaPad Slim 3 Intel Core i3 11th Gen 15.6"" (39.62cm) FHD Thin & Light Laptop (8GB/512GB SDD/Windows 11/Office 2021/2Yr Warranty/3months Game Pass/Arctic Grey/1.65Kg), 82H801L7IN  ","40,750",
Acer Aspire 3 AMD A3020e Dual Core Processor (4GB RAM/256GB SSD/Windows 11 Home/AMD Radeon Graphics/Black/1.9 Kg) A314-22 with 14 inches (35.5 cm) HD Laptop  ,"22,900",
"Lenovo (Renewed) Thinkpad T440-i5-8 GB-500 GB 14-inch Laptop (4th Gen Core i5/8GB/500GB HDD/Windows 7/Integrated Graphics), Black  ","15,151",
"(Renewed) Lenovo Thinkpad Laptop X250 Intel Core i5 - 5300u Processor, 8 GB Ram & 256 GB SSD, Win10, 12.5 inches 1.3 kg Ultralight Computer , Windows 10 Pro  ","15,680",
"Fujitsu CH Intel Evo Core i5 11th Gen 13.3â€ FHD IGZO Panel 400Nits Thin & Light Laptop(16GB/512GB SSD/Windows 11/Office 2021/Iris Xe Graphics/Backlit/2Yr Warranty/Brown/988gm),4ZR1H03553  ","54,990",
Acer Aspire 3 AMD A3020e Dual Core Processor (4GB RAM/256GB SSD/Windows 11 Home/AMD Radeon Graphics/Black/1.9 Kg) A314-22 with 14 inches (35.5 cm) HD Laptop  ,"22,900",
"HP 15s, 12th Gen Intel Core i5 16GB RAM/512GB SSD 15.6-inch(39.6 cm) Micro-Edge Anti-Glare FHD Laptop/Win 11/Intel Iris Xe Graphics/Dual Speakers/Alexa/Backlit KB/MSO/Fast Charge, 15s- fq5112TU  ","62,490",
"(Renewed) HP Probook x360 11 G2 EE Multi-Touch Laptop ,Intel Core i5 7th Generation (i5-7Y54) DualCore Processor ,Windows 10 Pro, 8GB Ram & 256 GB SSD,11.6"" , HDMI, LAN (30 cm)  ","19,999",
"ASUS TUF Gaming A15, 15.6-inch (39.62 cms) FHD 144Hz, AMD Ryzen 5 4600H, 4GB NVIDIA GeForce GTX 1650, Gaming Laptop (8GB/512GB SSD/Windows 11/Black/2.3 Kg), FA506IHRZ-HN111W  ","59,990",4.3 out of 5 stars
Xioami NotebookUltra 3.2K Resolution Display Intel Core I5-11300H 11Th Gen 15.6 Inch Thin Light Laptop(16Gb/512Gb Ssd/Iris Xe Graphics/Windows 11 Home/Ms Office21/Backlit Kb/Fingerprint Sensor/1.7Kg)  ,"58,999",
"HP 14s, AMD Ryzen 5-5500U 14 inches(35cm) FHD, IPS, Micro-Edge Display Laptop (8GB RAM/512GB SSD/Radeon Graphics/Windows 11/Alexa/Backlit Keyboard/MS Office/1.46kg, 14s-fq1092au)  ","46,490",
"(Renewed) Lenovo ThinkPad 8th Gen Intel Core i5 Thin & Light HD Laptop (16 GB DDR4 RAM/512 GB SSD/14"" (35.6 cm) HD/Windows 11/MS Office/WiFi/Bluetooth 4.1/Webcam/Integrated Graphics)  ","29,999",
"ASUS Vivobook 16X (2022), 16.0-inch (40.64 cms) FHD+ 16:10, AMD Ryzen 5 5600H, Thin and Laptop (8GB/512GB SSD/Integrated Graphics/Windows 11/Office 2021/Silver/1.80 kg), M1603QA-MB501WS  ","50,490",4.4 out of 5 stars
"(Renewed) Dell Latitude Laptop Windows 10 Pro E7470 Intel Core i5 - 6300u Processor, 8 GB Ram & 256 GB SSD, 14.1 inches Screen (Ultra Slim & Light 1.58KG) Notebook Computer  ","17,899",
"Apple 2023 MacBook Pro Laptop M2 Max chip with 12‑core CPU and 38‑core GPU: 33.74 cm (16.2-inch), 32GB Unified Memory, 1TB SSD Storage. Works with iPhone/iPad; Silver  ","3,45,766",
"Lenovo IdeaPad Slim 5 Intel Core i5 11th Gen 15.6"" (39.62cm) FHD IPS Thin & Light Laptop (16GB/512GB SSD/Windows 11/Office 2021/Backlit/FPR/3months Game Pass/Graphite Grey/1.66Kg), 82FG01B5IN  ","57,878",
Acer Extensa 15 Lightweight Laptop Intel Core i5 11th Gen Processor - (8 GB/ 512 GB SSD/ Windows 11 Home/ 1.7kg/ Black/ Elevated Hinge Design) EX215-54 with 39.6 cm (15.6 inches) FHD Display  ,"42,990",
"Acer Aspire Vero AV15-51-5155 Green Laptop | 15.6"" FHD IPS Display | 11th Gen Intel Core i5-1155G7 | 16GB DDR4 | 512GB SSD | Wi-Fi 6 | PCR Materials | Windows 11 Home | Fingerprint Reader | MS Office  ","54,990",
"Dell Inspiron 3520 Laptop,12th Gen Intel Core i5-1235U, Windows 11 + MSO'21, 8GB, 1TB HDD + 256GB SSD, 15.6"" (39.62Cms) FHD WVA AG 120Hz 250 nits, Black (D560900WIN9B, 1.65Kgs)  ","57,990",
"ASUS VivoBook 14 (2021), 14-inch (35.56 cm) HD, Intel Pentium Silver N6000 Quad Core, Thin and Light Laptop (8GB/256GB SSD/Office 2021/Windows 11/Integrated Graphics/Silver/1.5 kg), X415KA-BV121WS  ","28,990",
"HP Pavilion 14 12th Gen Intel Core i5 16GB RAM/512GB SSD 14 inch(35.6cm) IPS Micro-Edge FHD Touch Laptop/Intel UHD Graphics/B&O/Win 11/Alexa Built-in/Backlit KB/FPR/MSO/Fast Charge/Silver,14-dv2041TU  ","68,990",
"Acer Aspire Vero AV15-51-5155 Green Laptop | 15.6"" FHD IPS Display | 11th Gen Intel Core i5-1155G7 | 16GB DDR4 | 512GB SSD | Wi-Fi 6 | PCR Materials | Windows 11 Home | Fingerprint Reader | MS Office  ","54,990",4.3 out of 5 stars
"Acer Aspire Vero AV15-51-5155 Green Laptop | 15.6"" FHD IPS Display | 11th Gen Intel Core i5-1155G7 | 16GB DDR4 | 512GB SSD | Wi-Fi 6 | PCR Materials | Windows 11 Home | Fingerprint Reader | MS Office  ","54,990",
"Lenovo IdeaPad Slim 5 Intel Core i5 11th Gen 15.6"" (39.62cm) FHD IPS Thin & Light Laptop (16GB/512GB SSD/Windows 11/Office 2021/Backlit/FPR/3months Game Pass/Graphite Grey/1.66Kg), 82FG01B5IN  ","57,878",
"Acer Nitro 5 12th Gen Intel Core Intel Core i5-12500H Processor 15.6-inch (39.62 cms) FHD 144 Hz Gaming Laptop (16 GB RAM/RTX 3050 Graphics/512 GB SSD/Windows 11 Home/2.5 Kgs/RGB Backlit), AN515-58  ","82,990",4.3 out of 5 stars
"Lenovo IdeaPad 3 11th Gen Intel Core i3 15.6"" FHD Thin & Light Laptop(8GB/512GB SSD/Windows 11/Office 2021/2Yr Warranty/3months Xbox Game Pass/Platinum Grey/1.7Kg), 81X800N2IN  ","36,158",
"Lenovo IdeaPad Gaming 3 Intel Core i5 11th Gen 15.6"" (39.62cm) FHD IPS Gaming Laptop (8GB/512GB SSD/4GB NVIDIA GTX 1650/120Hz/Win 11/Backlit/3months Game Pass/Shadow Black/2.25Kg), 82K10198IN  ","55,937",
HP Victus Gaming Laptop 11th Gen Intel Core i5-11400H 16.1 inch(40.9 cm)FHD IPS Gaming Laptop(8GBRAM/512GB SSD/NVIDIA GeForce GTX 1650 graphics/7ms response time/144Hz/Backlit KB/Win 11/B&O)16-d0310TX  ,"60,490",
"HP 14s, Ryzen 7- 5700U 16GB RAM/512GB SSD 14-inches (35.6 cm) FHD, IPS, Micro-Edge Display/AMD Radeon Graphics/Alexa/Win 11/Backlit KB/Dual Speakers/MSO 2021/1.46 Kg, 14s- fy1005AU , Windows 11 Home  ","56,990",
"HP 14s, 12th Gen Intel Core i5 16GB RAM/512GB SSD 14-inch(35.6 cm) Micro-Edge, FHD Laptop/Intel Iris Xe Graphics/Alexa/Dual Speakers/Win 11/Backlit KB/MSO 2021/1.41 Kg, 14s-dy5005TU  ","60,990",
"(Renewed) HP ChromeBook AMD A4 11.6 inches HD Thin and Light Business Laptop (4 GB DDR4 RAM/16 GB eMMC SSD + 16GB microSD card/Wifi/Webcam/Chrome OS/Bluetooth 4.2/R4 Graphics, 1.3kg)  ","12,999",
(Renewed) Lenovo ThinkPad X260 High Performance 12.5 inch IPS Panel 1.5kg Laptop (Core i5 6300U/8 GB DDR4 RAM/256 GB SSD/Windows 10 Pro/Office 2019/Webcam/USB 3.0/SIM/BT/Integrated Graphics)  ,"16,682",
"Apple 2023 MacBook Pro Laptop M2 Max chip with 12‑core CPU and 38‑core GPU: 33.74 cm (16.2-inch), 32GB Unified Memory, 1TB SSD Storage. Works with iPhone/iPad; Silver  ","3,45,766",
"Fujitsu CH Intel Evo Core i5 11th Gen 13.3â€ FHD IGZO Panel 400Nits Thin & Light Laptop(16GB/512GB SSD/Windows 11/Office 2021/Iris Xe Graphics/Backlit/2Yr Warranty/Brown/988gm),4ZR1H03553  ","54,990",
"HP 14s, AMD Ryzen 5-5500U 14 inches(35cm) FHD, IPS, Micro-Edge Display Laptop (8GB RAM/512GB SSD/Radeon Graphics/Windows 11/Alexa/Backlit Keyboard/MS Office/1.46kg, 14s-fq1092au)  ","46,490",
"ASUS TUF Gaming F15 (2021), 15.6"" (39.62 cms) FHD 144Hz, Intel Core i5-10300H 10th Gen, GTX 1650 4GB Graphics, Gaming Laptop (8GB RAM/512GB NVMe SSD/Windows 11/Black/2.30 Kg), FX506LH-HN258W  ","60,990",4.3 out of 5 stars
"ASUS Vivobook 16X, AMD Ryzen 5 5600H, 16"" (40.64 cms) FHD+, Thin and Light Laptop (16GB/512 SSD/Windows 11/Office 2021/Backlit KB/FP Sensor/Blue/1.88 kg), M1603QA-MB511WS  ","54,990",
"(Renewed) Lenovo V15 AMD Ryzen 3 5300U 15.6"" (39.62cm) FHD 250 nits Antiglare Thin and Light Laptop (8GB/512GB SSD/Windows 11/1 Year Onsite Warranty /Iron Grey/1.7 Kg), 82KDA01BIH  ","27,199",
"(Renewed) Lenovo Thinkpad L450 5th Gen Intel Core i5 HD Laptop (8 GB RAM/500 GB HDD/14"" (35.6 cm)/Windows 10 Pro/MS Office/WiFi/Bluetooth 4.0/Webcam/Intel HD Graphics)  ","16,999",
"HP Pavilion 14, AMD Ryzen 5-5625U 8GB RAM/512GB SSD 14inches/35.6 cm FHD, IPS Micro-Edge Display/Radeon Graphics/Alexa/B&O Audio/Fast Charge/Win11 Home/MS Office 2021, 14-Ec1003au Windows 11 Home  ","52,990",
"Lenovo V14 Gen 2 Laptop with Intel Core i5-1135G7 11TH GEN/35.6cms (14"" inch)/Integrated Intel® UHD Graphics/8GB/512GB SSD/ Windows 11/Iron Grey/ 1.46kg/1 Year Onsite Warranty  ","49,999",
"Lenovo IdeaPad Slim 3 Intel Core i3 11th Gen 15.6"" (39.62cm) FHD Thin & Light Laptop (8GB/512GB SDD/Windows 11/Office 2021/2Yr Warranty/3months Game Pass/Arctic Grey/1.65Kg), 82H801L7IN  ","40,750",
Acer Aspire 3 AMD A3020e Dual Core Processor (4GB RAM/256GB SSD/Windows 11 Home/AMD Radeon Graphics/Black/1.9 Kg) A314-22 with 14 inches (35.5 cm) HD Laptop  ,"22,900",
"Apple 2023 MacBook Pro Laptop M2 Max chip with 12‑core CPU and 30‑core GPU: 33.74 cm (14.2-inch), 32GB Unified Memory, 1TB SSD Storage. Works with iPhone/iPad; Silver  ","3,09,900",
Acer Extensa 15 Lightweight Laptop Intel Core i5 11th Gen Processor - (8 GB/ 512 GB SSD/ Windows 11 Home/ 1.7kg/ Black/ Elevated Hinge Design) EX215-54 with 39.6 cm (15.6 inches) FHD Display  ,"42,990",
"Acer Aspire Vero AV15-51-5155 Green Laptop | 15.6"" FHD IPS Display | 11th Gen Intel Core i5-1155G7 | 16GB DDR4 | 512GB SSD | Wi-Fi 6 | PCR Materials | Windows 11 Home | Fingerprint Reader | MS Office  ","54,990",
"Lenovo IdeaPad Slim 3 Intel Core i3 11th Gen 15.6"" (39.62cm) FHD Thin & Light Laptop (8GB/512GB SDD/Windows 11/Office 2021/2Yr Warranty/3months Game Pass/Arctic Grey/1.65Kg), 82H801L7IN  ","40,750",
"ASUS TUF Gaming A15, 15.6-inch (39.62 cms) FHD 144Hz, AMD Ryzen 5 4600H, 4GB NVIDIA GeForce GTX 1650, Gaming Laptop (8GB/512GB SSD/Windows 11/Black/2.3 Kg), FA506IHRZ-HN111W  ","59,990",4.3 out of 5 stars
"Lenovo IdeaPad Slim 1 Intel Celeron N4020 4th Gen 11.6'' (29.46cm) HD Thin & Light Laptop (4GB/256GB SSD/Windows 11/Office 2021/3months Game Pass/Platinum Grey/1.2Kg), 81VT009UIN  ","35,999",
"Lenovo V15 AMD Ryzen 5 5500U 15.6"" FHD 250 nits Antiglare Thin and Light Laptop (8GB/512GB SSD/Windows 11 Home/1 Year Onsite Brand Warranty/Iron Grey/1.7 Kg)  ","38,037",
"MSI Sword 15 A12VF, Intel 12th Gen. i7-12650H, 40CM FHD 144Hz Gaming Laptop (16GB/1TB NVMe SSD/Windows 11 Home/Nvidia GeForce RTX4050, 6GB GDDR6/White/2.25Kg), A12VE-402IN  ","1,24,725",
"ASUS Vivobook 14, Intel Core i7-1165G7 11th Gen, 14"" (35.56 cm) FHD, Thin and Laptop (16GB/512GB SSD/Intel Iris Xe Graphics/Windows 11/Office 2021/FP Sensor/Silver/1.55 kg), X415EA-EK701WS  ","56,990",
Acer Extensa 15 AMD Ryzen 3 7320U Quad-Core Processor (8 GB/512 GB SSD/Windows 11 Home/AMD Radeon Graphics/1.78 KG/Steel Gray) EX215-23 Full HD Display Laptop  ,"36,990",
"Dell (Renewed) Latitude Intel E5440-i3-4 GB SSD-240 GB SSD 14-inches Laptop, 4th Gen Core i3/4GB/240GB SSD/Windows 7/Integrated Graphics, Grey  ","15,037",
"Fujitsu CH Intel Evo Core i5 11th Gen 13.3â€ FHD IGZO Panel 400Nits Thin & Light Laptop(16GB/512GB SSD/Windows 11/Office 2021/Iris Xe Graphics/Backlit/2Yr Warranty/Brown/988gm),4ZR1H03553  ","54,990",
Acer Aspire 3 AMD A3020e Dual Core Processor (4GB RAM/256GB SSD/Windows 11 Home/AMD Radeon Graphics/Black/1.9 Kg) A314-22 with 14 inches (35.5 cm) HD Laptop  ,"22,900",
"ASUS Vivobook 15, Intel Core i3-1220P 12th Gen, 15.6"" (39.62 cm) FHD, Thin and Laptop (8GB/512GB SSD/Integrated Graphics/Windows 11/Office 2021/Alexa Built-in/FP Sensor/Blue/1.7 kg), X1502ZA-EJ381WS  ","42,990",4.6 out of 5 stars
"Lenovo IdeaPad Slim 3 Intel Core i3 11th Gen 14"" (35.56cm) FHD Thin & Light Laptop (8GB/256GB SDD/Windows 11/Office 2021/2Yr Warranty/3months Game Pass/Platinum Grey/1.5Kg), 81X700CWIN  ",,
"Acer Swift 3 T&L Laptop Intel EVO Core i5 12th Gen Processor- (8GB/512GB/Win11/MS Office/1.2kg/Backlit Keyboard/FP Reader) SF314-512 with 35.6 cm (14"") FHD IPS Display,Flat Rs: 2000 of All Bank Cards  ","64,250",
"HP Victus Gaming Laptop 11th Gen Intel Core i5-11400H16.1 inch(40.9 cm) FHD IPS Gaming Laptop(16GB RAM/512GB SSD/NVIDIA GeForce GTX 1650 graphics/144Hz/Backlit KB/Wi11/MSO/B&O/Alexa),16-d0311TX  ","62,990",
Acer Aspire 3 AMD A3020e Dual Core Processor (4GB RAM/256GB SSD/Windows 11 Home/AMD Radeon Graphics/Black/1.9 Kg) A314-22 with 14 inches (35.5 cm) HD Laptop  ,"22,900",
"Dell Gaming G15 5525, AMD R5-6600H, 16GB, 512GB SSD, RTX 3050 (4GB GDDR6), 15.6"" (39.62Cms) FHD WVA AG 120Hz 250 nits, Windows 11 + MSO'21, Phantom Grey with speckles, 2.51Kgs (D560818WIN9B)  ","74,490",
"Dell New 14"" Latitude 3420- i3 11th Gen || 8 GB || 256 GB SSD || 14"" HD 1920 x 1080 Pixels || Ubuntu-Dos || 1 Year Onsite with ADP Warranty || Black  ","33,990",
"Lenovo (Renewed) Thinkpad T460 14-inch (35 cm) Laptop (Intel, I5-6300U/16GB/256GB/Dos/Integrated Graphics), Black  ","19,990",
"Apple 2023 MacBook Pro Laptop M2 Max chip with 12‑core CPU and 38‑core GPU: 33.74 cm (16.2-inch), 32GB Unified Memory, 1TB SSD Storage. Works with iPhone/iPad; Silver  ","3,45,766",
"Apple 2023 MacBook Pro Laptop M2 Max chip with 12‑core CPU and 30‑core GPU: 33.74 cm (14.2-inch), 32GB Unified Memory, 1TB SSD Storage. Works with iPhone/iPad; Silver  ","3,09,900",
Acer Extensa 15 Lightweight Laptop Intel Core i5 11th Gen Processor - (8 GB/ 512 GB SSD/ Windows 11 Home/ 1.7kg/ Black/ Elevated Hinge Design) EX215-54 with 39.6 cm (15.6 inches) FHD Display  ,"42,990",
"Acer Aspire Vero AV15-51-5155 Green Laptop | 15.6"" FHD IPS Display | 11th Gen Intel Core i5-1155G7 | 16GB DDR4 | 512GB SSD | Wi-Fi 6 | PCR Materials | Windows 11 Home | Fingerprint Reader | MS Office  ","54,990",
"(Renewed) HP Chromebook Intel Celeron N4020 35.6cm(14 inches) Micro-Edge, Touchscreen Laptop (4GB RAM/64GB eMMC/Chrome 64/UHD Graphics,1.49kg), 14a-ca0506TU, Mineral Silver  ","19,991",
"MSI Katana 17, Intel 13th Gen. i7-13620H, 44CM FHD 144Hz Gaming Laptop (16GB/512GB NVMe SSD/Windows 11 Home/Nvidia GeForce RTX3050, 6GB GDDR6/Black/2.6Kg), B13UDXK-255IN  ","99,990",
"HP 245 G8 Laptop PC with AMD Ryzen 3 3250U/8 GB DDR4 RAM/512 GB PCIe® NVMe™ SSD/AMD Radeon™ Graphics/35.6 cm (14"" inch)/DOS/Matte Black/1.5 KG/1 Year Onsite Warranty  ","27,999",4.5 out of 5 stars
"Acer Aspire Vero AV15-51-5155 Green Laptop | 15.6"" FHD IPS Display | 11th Gen Intel Core i5-1155G7 | 16GB DDR4 | 512GB SSD | Wi-Fi 6 | PCR Materials | Windows 11 Home | Fingerprint Reader | MS Office  ","54,990",4.3 out of 5 stars
"Acer Aspire Vero AV15-51-5155 Green Laptop | 15.6"" FHD IPS Display | 11th Gen Intel Core i5-1155G7 | 16GB DDR4 | 512GB SSD | Wi-Fi 6 | PCR Materials | Windows 11 Home | Fingerprint Reader | MS Office  ","54,990",
"Lenovo IdeaPad Slim 5 Intel Core i5 11th Gen 15.6"" (39.62cm) FHD IPS Thin & Light Laptop (16GB/512GB SSD/Windows 11/Office 2021/Backlit/FPR/3months Game Pass/Graphite Grey/1.66Kg), 82FG01B5IN  ","57,878",
"Acer Nitro 5 12th Gen Intel Core Intel Core i5-12500H Processor 15.6-inch (39.62 cms) FHD 144 Hz Gaming Laptop (16 GB RAM/RTX 3050 Graphics/512 GB SSD/Windows 11 Home/2.5 Kgs/RGB Backlit), AN515-58  ","82,990",4.3 out of 5 stars
"Lenovo IdeaPad 3 11th Gen Intel Core i3 15.6"" FHD Thin & Light Laptop(8GB/512GB SSD/Windows 11/Office 2021/2Yr Warranty/3months Xbox Game Pass/Platinum Grey/1.7Kg), 81X800N2IN  ","36,158",
"Lenovo IdeaPad Gaming 3 Intel Core i5 11th Gen 15.6"" (39.62cm) FHD IPS Gaming Laptop (8GB/512GB SSD/4GB NVIDIA GTX 1650/120Hz/Win 11/Backlit/3months Game Pass/Shadow Black/2.25Kg), 82K10198IN  ","55,937",
"Lenovo IdeaPad Slim 3 Intel Core i3 11th Gen 15.6"" (39.62cm) FHD Laptop (8GB/256GB SSD/Win 11/Office 2021/2 Year Warranty/Alexa Built-in/3 Month Game Pass/Arctic Grey/1.65Kg), 82H802XVIN  ","33,990",
"MSI Katana GF66, Intel 11th Gen. i7-11800H, 40CM FHD 144Hz Gaming Laptop Windows 11 Home/NVIDIA RTX 3060/Black/2.25Kg, 11UE-861IN  ","86,990",
"HP Chromebook x360 Intel Celeron N4120 14 inch(35.6 cm) Micro-Edge, Touchscreen, 2-in-1 Laptop (4GB RAM/64GB eMMC/Chrome OS 64/UHD Graphics,1.49kg), 14a-ca0504TU  ","28,490",
"Dell Inspiron AMD 5515 15.6"" FHD Display Laptop Windows 10 (R5-5500U / 8GB / 512GB SSD / Integrated Graphics / Win10 + MSO / Backlit KB + FPR / Silver) D560557WIN9S  ","48,990",
"HP EliteBook 830 G5 Laptop 13.3"" FHD | 1.7GHz Intel Core i5-8350U Quad-Core | 8GB DDR4 | 256GB SSD | Windows 10 Pro (Renewed)  ","29,800",
"Fujitsu CH Intel Evo Core i5 11th Gen 13.3â€ FHD IGZO Panel 400Nits Thin & Light Laptop(16GB/512GB SSD/Windows 11/Office 2021/Iris Xe Graphics/Backlit/2Yr Warranty/Brown/988gm),4ZR1H03553  ","54,990",
Acer Aspire 3 AMD A3020e Dual Core Processor (4GB RAM/256GB SSD/Windows 11 Home/AMD Radeon Graphics/Black/1.9 Kg) A314-22 with 14 inches (35.5 cm) HD Laptop  ,"22,900",
"HP 15, 11th Gen Intel Core i5-8GB RAM/512GB SSD 15.6 inches(39cm) Laptop, FHD, IPS, Micro-Edge, Anti-Glare Display/Intel Iris Xe Graphics/Alexa Built- in/Windows 11 Home/1.75kg, 15s-du3517TU  ","55,500",
"Apple 2021 MacBook Pro (16-inch/41.05 cm, M1 Max chip with 10‑core CPU and 32‑core GPU, 32GB RAM, 1TB SSD) - Silver  ","3,19,990",4.7 out of 5 stars
"MSI Vector GP66, Intel 12th Gen. i7-12700H, 40CM FHD 240Hz Gaming Laptop (16GB/1TB NVMe SSD/Windows 11 Home/Nvidia RTX3060 6GB GDDR6/Black/2.38Kg), 12UEO-646IN  ","1,28,000",4.4 out of 5 stars
"Samsung Galaxy Book2 (NP750) Intel 12th Gen core i5 39.6cm (15.6"") FHD Thin & Light Laptop (8 GB/512 GB/Windows 11/MS Office/Backlit Keyboard/Finger Print Reader/Silver/1.55Kg), NP750XED-KC1IN  ","61,490",
"Lenovo IdeaPad Gaming 3 AMD Ryzen 5 5600H 15.6"" (39.62cm) FHD IPS 120Hz Gaming Laptop 8GB/256GB SSD+1TB/ Windows 11 Home /NVIDIA GTX 1650 4GB/Alexa/3 Month Game Pass/Shadow Black/2.2Kg, 82K201Y9IN  ","54,500",
"Dell New Inspiron 3511 Laptop,11th Gen Intel Core I3-1115G4, Windows 11 + MSO'21, 8Gb, 512Gb SSD, 15.6"" (39.62Cms) FHD WVA Ag, Platinum Silver (D560749Win9S, 1.8Kgs)  ","42,849",
"MSI Cyborg 15, Intel 12th Gen. i7-12650H, 40CM FHD 144Hz Gaming Laptop (16GB/512GB NVMe SSD/Windows 11 Home/Nvidia GeForce RTX4050, 6GB GDDR6/Translucent Black/1.98Kg), A12VE-070IN  ","1,20,455",
"MSI Raider GE78HX, Intel 13th Gen. i9-13980HX, 43CM QHD+ 240Hz Gaming Laptop (64GB/2TB NVMe SSD/Windows 11 Home/Nvidia GeForce RTX4090, 16GB GDDR6/Black/3.1Kg), 13VI-087IN  ","5,35,051",
"Apple 2023 MacBook Pro Laptop M2 Max chip with 12‑core CPU and 38‑core GPU: 33.74 cm (16.2-inch), 32GB Unified Memory, 1TB SSD Storage. Works with iPhone/iPad; Silver  ","3,45,766",
"Apple 2023 MacBook Pro Laptop M2 Max chip with 12‑core CPU and 30‑core GPU: 33.74 cm (14.2-inch), 32GB Unified Memory, 1TB SSD Storage. Works with iPhone/iPad; Silver  ","3,09,900",
Acer Extensa 15 Lightweight Laptop Intel Core i5 11th Gen Processor - (8 GB/ 512 GB SSD/ Windows 11 Home/ 1.7kg/ Black/ Elevated Hinge Design) EX215-54 with 39.6 cm (15.6 inches) FHD Display  ,"42,990",
"Acer Aspire Vero AV15-51-5155 Green Laptop | 15.6"" FHD IPS Display | 11th Gen Intel Core i5-1155G7 | 16GB DDR4 | 512GB SSD | Wi-Fi 6 | PCR Materials | Windows 11 Home | Fingerprint Reader | MS Office  ","54,990",
"(Renewed) DELL LATITUDE 7490, Windows 10 Pro, Intel Core I5 8TH GEN/8GB/512GB SSD/WEBCAM/14'' (35 cm) Non Touch with Warranty  ","23,756",
"Lenovo V15 G3 Intel Core i3-1215U 12th Gen Thin and Light Laptop/ 8GB DDR4 3200 Ram / 512 GB SSD PCIe/Windows 11/Integrated Graphics /15.6"" FHD Display / 1 Year Warranty  ","37,999",
"Infinix X1 Slim Series Core i3 10th Gen - (8 GB/256 GB SSD/Windows 11 Home) XL21 Thin and Light Laptop (14 inch, Aurora Green, 1.24 kg)  ","30,490",
"Acer Aspire Vero AV15-51-5155 Green Laptop | 15.6"" FHD IPS Display | 11th Gen Intel Core i5-1155G7 | 16GB DDR4 | 512GB SSD | Wi-Fi 6 | PCR Materials | Windows 11 Home | Fingerprint Reader | MS Office  ","54,990",4.3 out of 5 stars
"Acer Aspire Vero AV15-51-5155 Green Laptop | 15.6"" FHD IPS Display | 11th Gen Intel Core i5-1155G7 | 16GB DDR4 | 512GB SSD | Wi-Fi 6 | PCR Materials | Windows 11 Home | Fingerprint Reader | MS Office  ","54,990",
"Lenovo IdeaPad Slim 5 Intel Core i5 11th Gen 15.6"" (39.62cm) FHD IPS Thin & Light Laptop (16GB/512GB SSD/Windows 11/Office 2021/Backlit/FPR/3months Game Pass/Graphite Grey/1.66Kg), 82FG01B5IN  ","57,878",
"Acer Nitro 5 12th Gen Intel Core Intel Core i5-12500H Processor 15.6-inch (39.62 cms) FHD 144 Hz Gaming Laptop (16 GB RAM/RTX 3050 Graphics/512 GB SSD/Windows 11 Home/2.5 Kgs/RGB Backlit), AN515-58  ","82,990",4.3 out of 5 stars
"Lenovo IdeaPad 3 11th Gen Intel Core i3 15.6"" FHD Thin & Light Laptop(8GB/512GB SSD/Windows 11/Office 2021/2Yr Warranty/3months Xbox Game Pass/Platinum Grey/1.7Kg), 81X800N2IN  ","36,158",
"Lenovo IdeaPad Gaming 3 Intel Core i5 11th Gen 15.6"" (39.62cm) FHD IPS Gaming Laptop (8GB/512GB SSD/4GB NVIDIA GTX 1650/120Hz/Win 11/Backlit/3months Game Pass/Shadow Black/2.25Kg), 82K10198IN  ","55,937",
"Lenovo ThinkPad E14 Intel Core i3 12th Gen 14"" FHD Thin and Light Laptop (8GB RAM/512GB SSD/Windows 11 Home/MS Office H&S 2021/FPR/Black/1.59 kg), 21E3S0AV00  ","48,990",
"(Renewed) HP Chromebook C640 10th Gen Intel Core i5 Thin & Light FHD Laptop (8 GB DDR4 RAM/64 GB eMMC SSD + 128 GB MicroSD Card/14"" (35.6 cm) FHD/Chrome OS/WiFi/Bluetooth/Webcam/Intel Graphics)  ","23,999",
"(Renewed) Lenovo IdeaPad 3 11th Gen Intel Core i3 15.6"" FHD Thin & Light Laptop(8GB/512GB SSD/Windows 11/Office 2021/2Yr Warranty/3months Xbox Game Pass/Platinum Grey/1.7Kg), 81X800LGIN  ",,
"(Renewed) Lenovo Thinkpad Laptop x270 Intel Core i7-7th Gen Processor , 16 GB Ram & 1TB SSD, 12.5 Inches FHD 1080p 1.43KG Light Weight Notebook Computer  ","31,990",
HP 240 G8 689U3PA 14 inch Laptop Core i5-1135G7/8 GB /512 GB PCIe® NVMe™ SSD /Intel® Iris® Xᵉ Graphics/Windows 11/Black/1 Year Warranty  ,"48,990",
"Fujitsu CH Intel Evo Core i5 11th Gen 13.3â€ FHD IGZO Panel 400Nits Thin & Light Laptop(16GB/512GB SSD/Windows 11/Office 2021/Iris Xe Graphics/Backlit/2Yr Warranty/Brown/988gm),4ZR1H03553  ","54,990",
Acer Aspire 3 AMD A3020e Dual Core Processor (4GB RAM/256GB SSD/Windows 11 Home/AMD Radeon Graphics/Black/1.9 Kg) A314-22 with 14 inches (35.5 cm) HD Laptop  ,"22,900",
"(Renewed) Lenovo ThinkPad T450 Intel Core i5-5300U 14 inches Business Laptop Computer, 8GB RAM, 256GB SSD, Windows 10, 1.1925Kg, 1.1925Kg  ","16,995",
"Dell New 14"" Latitude 3420- i3 11th Gen || 8 GB || 256 GB SSD || 14"" HD 1920 x 1080 Pixels || Ubuntu-Dos || 1 Year Onsite with ADP Warranty  ","34,900",
Xiaomi NoteBook Pro 120 12th Gen Intel i5-12450H Thin & Light (16GB LPDDR5 RAM/512GB SSD/Iris Xe Graphics/14″ 2.5K Resolution/120Hz Display/Win 11/Thunderbolt 4/MS Office’21/Fingerprint Sensor/1.45Kg)  ,"64,999",
"HP Victus AMD Ryzen 7-5800H 15.6 inch(39.6 cm) FHD Gaming Laptop (16GB RAM/512GB SSD/RTX 3050 4GB Graphics/144Hz/9ms Response Time/Win 11/MSO/Backlit KB/B&O Audio/Xbox Pass(30 Day)),15-fb0053AX  ","86,070",
"HP 15s-11th Gen Intel Core i3 15.6 Laptop (8GB RAM/512GB SSD, FHD, Micro-Edge, Anti-Glare Display UHD Graphics/Alexa/Windows 11/ Dual Speakers/Fast Charge/Win 11/Backlit/MS Office) 15s- fr2512TU  ","41,490",
"Samsung Galaxy Book3 Pro 360 Intel 13th Gen i5 EvoTM 40.62cm(16"") Touchscreen 2-in-1 3K Display, 120Hz, Thin & Light Laptop(16 GB/512 GB SSD/Windows 11/MS Office/S-Pen/Graphite/1.6Kg), NP960QFG-KA2IN  ","1,55,990",
HP Pavilion Aero AMD Ryzen 5 7535U 13.3 inch(33.8cm) WUXGA IPS Micro-Edge Laptop(16GB RAM/512GB SSD/AMD Radeon Graphics/Win 11/MSO/Backlit Keyboard/B&O/FPR/Alexa/Rose Gold/970 Grams) 13-be2056AU  ,"71,490",4.3 out of 5 stars
"Lenovo IdeaPad Slim 3 Chromebook Intel Celeron N4020 14'' (35.56cm) FHD Thin & Light Laptop (4GB/64GB eMMC/Chrome OS/Upto 10hr Battery/2W x2 HD Speaker/Platinum Grey/1.4Kg), 82C1002EHA  ","21,790",
"Apple 2023 MacBook Pro Laptop M2 Max chip with 12‑core CPU and 38‑core GPU: 33.74 cm (16.2-inch), 32GB Unified Memory, 1TB SSD Storage. Works with iPhone/iPad; Silver  ","3,45,766",
"Apple 2023 MacBook Pro Laptop M2 Max chip with 12‑core CPU and 30‑core GPU: 33.74 cm (14.2-inch), 32GB Unified Memory, 1TB SSD Storage. Works with iPhone/iPad; Silver  ","3,09,900",
Acer Extensa 15 Lightweight Laptop Intel Core i5 11th Gen Processor - (8 GB/ 512 GB SSD/ Windows 11 Home/ 1.7kg/ Black/ Elevated Hinge Design) EX215-54 with 39.6 cm (15.6 inches) FHD Display  ,"42,990",
"Acer Aspire Vero AV15-51-5155 Green Laptop | 15.6"" FHD IPS Display | 11th Gen Intel Core i5-1155G7 | 16GB DDR4 | 512GB SSD | Wi-Fi 6 | PCR Materials | Windows 11 Home | Fingerprint Reader | MS Office  ","54,990",
"Acer Swift 3 T&L Laptop Intel EVO Core i5 12th Gen Processor- (8GB/512GB/Win11/MS Office/1.2kg/Backlit Keyboard/FP Reader) SF314-512 with 35.6 cm (14"") FHD IPS Display,Flat Rs: 2000 of All Bank Cards  ","64,250",
"(Renewed) Dell Latitude Laptop E6420 Intel Core i5 - 2520m @ 2.5Ghz Processor , 8 GB Ram & 256 GB SSD, Windows 10 Pro, 14 Inches (35 cm) Notebook Computer  ","18,180",
"Lenovo IdeaPad Slim 5 AMD Ryzen 7 5700U 15.6""(39.62cm) FHD IPS Laptop (16GB/512GB SSD/Win 11/Office 2021/Backlit KB/Fingerprint/HD Camera/3 Month Game Pass/Graphite Grey/1.66Kg), 82LN00JSIN  ","65,518",4.3 out of 5 stars
"HP 245 G8 Laptop PC with AMD Ryzen 3 3250U/8 GB DDR4 RAM/512 GB PCIe® NVMe™ SSD/AMD Radeon™ Graphics/35.6 cm (14"" inch)/DOS/Matte Black/1.5 KG/1 Year Onsite Warranty  ","27,999",4.5 out of 5 stars
"(Renewed) HP Intel 6th Gen Core i5-6267U 14.5-Inch (36.83 cms) HD (1366 X 768) MP Laptop (8 GB/500 GB HDD/Windows 10 Pro/MS Office 2019 /Intel/Silver/2.20 Kg), 840 G3  ","18,915",
"Dell Inspiron 3520 Laptop,12th Gen Intel Core i5-1235U, Windows 11 + MSO'21, 8GB, 1TB HDD+ 256GB SSD, 15.6"" (39.62Cms) FHD WVA AG 120Hz 250 nits, Backlit KB, Silver (D560917WIN9S, 1.65Kgs)  ","60,490",
Lenovo S14 Gen 3 12th Gen Intel Core i5-1235U / 16GB DDR4 Ram/ 512 GB SSD PCIe / 14.0 FHD 3.0mm Display / Windows 11 / MS-OFFICE / Integrated Graphics / FingerPrint Lock / Backlit Keyboard / 3YR Premium Warranty  ,"57,999",
"Lenovo V15 Intel i3-1115G4 3.0Ghz 15.6"" (39.62cm) FHD 250 nits Antiglare Thin and Light Laptop,1YR ADP (4GB/256GB SSD/DOS/Iron Grey/1.7 Kg), 82KBA002IH  ","29,400",
"Fujitsu CH Intel Evo Core i5 11th Gen 13.3â€ FHD IGZO Panel 400Nits Thin & Light Laptop(16GB/512GB SSD/Windows 11/Office 2021/Iris Xe Graphics/Backlit/2Yr Warranty/Brown/988gm),4ZR1H03553  ","54,990",
Acer Aspire 3 AMD A3020e Dual Core Processor (4GB RAM/256GB SSD/Windows 11 Home/AMD Radeon Graphics/Black/1.9 Kg) A314-22 with 14 inches (35.5 cm) HD Laptop  ,"22,900",
"(Renewed) Lenovo Thinkpad L450 5th Gen Intel Core i5 HD Laptop (16 GB RAM/512 GB SSD/14"" (35.6 cm)/Windows 10 Pro/MS Office/WiFi/Bluetooth 4.0/Webcam/Intel HD Graphics)  ","19,724",
Lenovo V15 Intel Celeron N4020 15.6 inches HD Laptop (4GB/256GB SSD/Windows 11/Ms-Office/Platinum Grey/1.7Kg)  ,"22,999",
"(Renewed) Dell Windows 10 Pro Latitude Ultralight Laptop 7370 Intel Core i7 Mobile-6th Gen - M7-6Y75 Processor , 8 GB Ram & 128 GB SSD, 13.3 inches FHD Screen 1.18 kg Notebook Computer  ","22,989",
"Lenovo IdeaPad 3 Intel Core i3 11th Gen 14"" (35.56cm) FHD Thin & Light Laptop (8 GB/512GB SDD/Windows 11/MS Office 2021/2Yr Warranty/Platinum Grey/1.5Kg), 81X700F7IN  ","39,990",
"(Renewed) Lenovo Thin & Light Thinkpad Laptop T460s Intel Core i5 - 6300u Processor, 16 GB Ram & 512 GB SSD, Win 10 14 inches Ultra Thin & Light Notebook Computer  ","23,046",
"Dell Inspiron 3520 Laptop,12th Gen Intel Core i5-1235U, Windows 11 + MSO'21, 8GB, 1TB HDD + 256GB SSD, 15.6"" (39.62Cms) FHD WVA AG 120Hz 250 nits, Black (D560900WIN9B, 1.65Kgs)  ","57,990",
"(Renewed) DELL Vostro 3400 Core i3 11th gen Laptop, 8 GB RAM, 256GB SSD, Intel HD Graphics, 14 inch HD Screen, Windows 11 (Upgraded), MS Office, Grey, Slim  ","25,999",
"Lenovo IdeaPad Slim 1 Intel Celeron N4020 4th Gen 11.6'' (29.46cm) HD Thin & Light Laptop (4GB/256GB SSD/Windows 11/Office 2021/3months Game Pass/Platinum Grey/1.2Kg), 81VT009UIN  ","35,999",
"Apple 2023 MacBook Pro Laptop M2 Max chip with 12‑core CPU and 38‑core GPU: 33.74 cm (16.2-inch), 32GB Unified Memory, 1TB SSD Storage. Works with iPhone/iPad; Silver  ","3,45,766",
"Apple 2023 MacBook Pro Laptop M2 Max chip with 12‑core CPU and 30‑core GPU: 33.74 cm (14.2-inch), 32GB Unified Memory, 1TB SSD Storage. Works with iPhone/iPad; Silver  ","3,09,900",
Acer Extensa 15 Lightweight Laptop Intel Core i5 11th Gen Processor - (8 GB/ 512 GB SSD/ Windows 11 Home/ 1.7kg/ Black/ Elevated Hinge Design) EX215-54 with 39.6 cm (15.6 inches) FHD Display  ,"42,990",
"Acer Aspire Vero AV15-51-5155 Green Laptop | 15.6"" FHD IPS Display | 11th Gen Intel Core i5-1155G7 | 16GB DDR4 | 512GB SSD | Wi-Fi 6 | PCR Materials | Windows 11 Home | Fingerprint Reader | MS Office  ","54,990",
"ASUS ROG Zephyrus G15(2022), 15.6"" (39.62 cms) 2K WQHD 240Hz/3ms, AMD Ryzen 9 6900HS, 8GB RTX 3070 Ti, Gaming Laptop (16GB/1TB SSD/90WHrs Battery/Windows 11/Office 2021/Gray/1.9 Kg), GA503RW-LN067WS  ","1,89,990",
"ASUS Vivobook 15, 15.6-inch (39.62 cms) FHD, AMD Ryzen 7 3700U, Thin and Light Laptop (16GB/512GB SSD/Integrated Graphics/Windows 11/Office 2021/Silver/1.8 kg), M515DA-BQ722WS  ","49,990",
"ASUS VivoBook 14 (2021), Intel Core i5-1135G7 11th Gen, 14-inch (35.56 cms) FHD Thin and Light Laptop (8GB/256GB SSD/Office 2021/Windows 11/Integrated Graphics/Silver/1.6 Kg), X415EA-EB502WS  ","45,990",
"(Renewed) DELL Latitude 5490 Core i5 7th Gen Laptop, 8 GB RAM, 256GB SSD, Intel HD Graphics, 14 inch (36.83 cms) HD Screen, Windows 11 (Upgraded), MS Office, Black, Slim  ","27,050",
"(Renewed) Dell E7450 Latitude 14 Inches Laptop (5th Gen Intel Core i5 - 5300u /16 GB/256 GB SSD/Windows 10 Pro), Black  ","18,853",
"(Renewed) Dell Intel Core i3 4005U 14-Inch (35.56 cms) HD (1366 X 768) Pixels Laptop (4 GB/128 GB SSD/Windows 10 Pro/Intel/Grey/1.75 Kg), 3340-i3-4-128  ","15,430",
"MSI Katana GF66, Intel 12th Gen. i7-12650H, 40CM FHD 144Hz Gaming Laptop (16GB/1TB NVMe SSD/Windows 11 Home/Nvidia RTX3060 6GB GDDR6/Black/2.25Kg), 12UE-1002IN  ","1,06,261",
"ASUS Vivobook Pro 16, Intel Core i9 11th Gen, 16"" (40.64 cm) FHD+ 120Hz, Thin & Light Laptop (16GB/512GB SSD/4GB RTX 3050/Win 11/Office 2021/Alexa/Backlit KB/FP Sensor/Silver/1.9 kg), K6602HC-N1902WS  ","89,990",
Acer Aspire 3 AMD A3020e Dual Core Processor (4GB RAM/256GB SSD/Windows 11 Home/AMD Radeon Graphics/Black/1.9 Kg) A314-22 with 14 inches (35.5 cm) HD Laptop  ,"22,900",
"Fujitsu CH Intel Evo Core i5 11th Gen 13.3â€ FHD IGZO Panel 400Nits Thin & Light Laptop(16GB/512GB SSD/Windows 11/Office 2021/Iris Xe Graphics/Backlit/2Yr Warranty/Brown/988gm),4ZR1H03553  ","54,990",
"Lenovo Ideapad Gaming 3 AMD Ryzen 5 5600H 15.6"" (39.62cm) FHD IPS Gaming Laptop (16GB/512GB SSD/4GB NVIDIA RTX 3050/120Hz/Win 11/Office 2021/Backlit/3months Game Pass/Shadow Black/2.25Kg), 82K201ULIN  ","68,928",4.3 out of 5 stars
"Dell Inspiron 3520 Laptop,12th Gen Intel Core i3-1215,Windows 11 + MSO'21, 8GB, 512GB SSD, 15.6"" (39.62Cms) FHD WVA AG 120Hz 250 nits, Silver (D560915WIN9S. 1.65Kgs)  ","45,590",
"(Renewed) Lenovo ThinkPad 8th Gen Intel Core i5 Thin & Light HD Laptop (16 GB DDR4 RAM/256 GB SSD/14"" (35.6 cm) HD/Windows 11/MS Office/WiFi/Bluetooth 4.1/Webcam/Integrated Graphics)  ","29,999",
"Lenovo IdeaPad 3 Intel Core i3-1115G4 11th Gen 15.6 FHD Thin and Light Laptop (8 GB/256GB SDD/Windows 11/MS Office 2021/2Yr Warranty/Arctic Grey/1.65Kg), 82H801L3IN  ","35,990",
"ASUS Vivobook 15 OLED (2023), AMD Ryzen 5 7530U, 15.6"" (39.62 cm) FHD OLED, Thin and Light Laptop (16GB/512GB SSD/Windows 11/Office 2021/Backlit KB/FP Sensor/Black/1.7 Kg), M1505YA-LK541WS  ","65,990",
"Lenovo IdeaPad Slim 3 Intel Core i3 11th Gen 15.6"" (39.62cm) FHD Laptop (8GB/256GB SSD/Win 11/Office 2021/2 Year Warranty/Alexa Built-in/3 Month Game Pass/Grey/1.65Kg), 82H801LGIN  ","33,990",4.3 out of 5 stars
"HP 15s, 12th Gen Intel Core i5 16GB RAM/512GB SSD 15.6-inch(39.6 cm) Micro-Edge Anti-Glare FHD Laptop/Win 11/Intel Iris Xe Graphics/Dual Speakers/Alexa/Backlit KB/MSO/Fast Charge, 15s- fq5112TU  ","62,490",
"(Renewed) Dell Latitude Laptop E5470 Intel Core I5 6Th Gen. - 6200U Processor, 8 Gb Ram & 128 Gb Ssd, Windows 10 Pro 14.1 Inches Hd Screen Notebook Computer  ",,
"Apple 2023 MacBook Pro Laptop M2 Max chip with 12‑core CPU and 38‑core GPU: 33.74 cm (16.2-inch), 32GB Unified Memory, 1TB SSD Storage. Works with iPhone/iPad; Silver  ","3,45,766",
"Apple 2023 MacBook Pro Laptop M2 Max chip with 12‑core CPU and 30‑core GPU: 33.74 cm (14.2-inch), 32GB Unified Memory, 1TB SSD Storage. Works with iPhone/iPad; Silver  ","3,09,900",
